{
	"entity_sounds": {
		"entities": {
			"rx115:maroon": {
				"volume": 1,
				"pitch": [
					0.8,
					1.2
				],
				"events": {
					"step": {
						"sound": "vehicle.rx115.drive",
						"volume": 0.4,
						"pitch": 1.1
					}
				}
			},
			"rx115:red": {
				"volume": 1,
				"pitch": [
					0.8,
					1.2
				],
				"events": {
					"step": {
						"sound": "vehicle.rx115.drive",
						"volume": 0.4,
						"pitch": 1.1
					}
				}
			},
			"rx115:white": {
				"volume": 1,
				"pitch": [
					0.8,
					1.2
				],
				"events": {
					"step": {
						"sound": "vehicle.rx115.drive",
						"volume": 0.4,
						"pitch": 1.1
					}
				}
			}
		}
	}
}