{
	"format_version": "1.12.0",
	"minecraft:geometry": [
		{
			"description": {
				"identifier": "geometry.yamaha_rx115",
				"texture_width": 128,
				"texture_height": 128,
				"visible_bounds_width": 5,
				"visible_bounds_height": 3.5,
				"visible_bounds_offset": [0, 1.25, 0]
			},
			"bones": [
				{
					"name": "rx115",
					"pivot": [0, 0, 0]
				},
				{
					"name": "frontwheelbase",
					"parent": "rx115",
					"pivot": [0, 16.4, -9.1],
					"cubes": [
						{"origin": [-2.15, 6.5, -15.5], "size": [1, 1, 1], "uv": [100, 89]},
						{"origin": [1.15, 6.5, -15.5], "size": [1, 1, 1], "uv": [89, 100]},
						{"origin": [-1.15, 6.5, -15.5], "size": [2, 1, 1], "uv": [66, 96]},
						{"origin": [-0.85, 6.5, -15.5], "size": [2, 1, 1], "uv": [66, 96]},
						{"origin": [-2.1, 7.5, -15.5], "size": [1, 16, 1], "pivot": [-2, 7.5, -15.5], "rotation": [-25, 0, 0], "uv": [36, 72]},
						{"origin": [-2.1, 22.00586, -8.73961], "size": [1, 2, 1], "pivot": [-2, 22, -8.75], "rotation": [-42.5, 0, 0], "uv": [38, 97]},
						{"origin": [-2.1, 23.48133, -7.38844], "size": [1, 2, 1], "pivot": [-2, 23.475, -7.4], "rotation": [-80, -65, 0], "uv": [97, 21]},
						{"origin": [-2.1, 22.58133, -7.38844], "size": [1, 1, 1], "pivot": [-2, 23.475, -7.4], "rotation": [-80, -65, 0], "uv": [100, 81]},
						{"origin": [1.1, 23.48133, -7.38844], "size": [1, 2, 1], "pivot": [2, 23.475, -7.4], "rotation": [-80, 65, 0], "uv": [10, 97]},
						{"origin": [1.1, 22.58133, -7.38844], "size": [1, 1, 1], "pivot": [2, 23.475, -7.4], "rotation": [-80, 65, 0], "uv": [100, 76]},
						{"origin": [1.1, 26.48133, -7.38844], "size": [1, 3, 1], "pivot": [2, 23.475, -7.4], "rotation": [-80, 65, 0], "uv": [10, 65]},
						{"origin": [0.8, 25.48133, -7.58844], "size": [1.5, 1, 1.5], "pivot": [2, 23.475, -7.4], "rotation": [-80, 65, 0], "uv": [100, 74]},
						{"origin": [-2.3, 25.48133, -7.58844], "size": [1.5, 1, 1.5], "pivot": [-2, 23.475, -7.4], "rotation": [-80, -65, 0], "uv": [100, 72]},
						{"origin": [-2.1, 26.48133, -7.38844], "size": [1, 3, 1], "pivot": [-2, 23.475, -7.4], "rotation": [-80, -65, 0], "uv": [54, 0]},
						{"origin": [1.1, 22.00586, -8.73961], "size": [1, 2, 1], "pivot": [-2, 22, -8.75], "rotation": [-42.5, 0, 0], "uv": [0, 97]},
						{"origin": [1.1, 7.5, -15.5], "size": [1, 16, 1], "pivot": [-2, 7.5, -15.5], "rotation": [-25, 0, 0], "uv": [69, 71]},
						{"origin": [-2, 17.2, -16.5], "size": [4, 1, 4], "pivot": [-2, 7.5, -15.5], "rotation": [-25, 0, 0], "uv": [53, 71]}
					]
				},
				{
					"name": "headlights",
					"parent": "frontwheelbase",
					"pivot": [0, 0.7, -9.6],
					"cubes": [
						{"origin": [-2, 18.7, -11.6], "size": [4, 3, 1], "uv": [0, 81]},
						{"origin": [-2, 19.7, -10.6], "size": [4, 1, 1], "uv": [85, 35]},
						{"origin": [-2, 20.7, -10.6], "size": [4, 1, 1], "pivot": [0, 21.7, -10.6], "rotation": [-45, 0, 0], "uv": [85, 33]},
						{"origin": [-2, 20.7, -10.2], "size": [4, 1, 1], "pivot": [0, 21.7, -10.6], "rotation": [-45, 0, 0], "uv": [85, 16]},
						{"origin": [-2, 18.7, -10.6], "size": [4, 1, 1], "pivot": [0, 18.7, -10.6], "rotation": [45, 0, 0], "uv": [85, 14]},
						{"origin": [-2, 18.7, -10.2], "size": [4, 1, 1], "pivot": [0, 18.7, -10.6], "rotation": [45, 0, 0], "uv": [10, 85]}
					]
				},
				{
					"name": "frontsidelights",
					"parent": "headlights",
					"pivot": [0, 0.7, -9.6],
					"cubes": [
						{"origin": [-5.5, 18.7, -11], "size": [2.5, 1.5, 1], "uv": [60, 96]},
						{"origin": [-5.5, 18.7, -10.8], "size": [2.5, 1.5, 1], "uv": [96, 55]},
						{"origin": [-3, 18.7, -10.9], "size": [1, 1, 1], "uv": [100, 68]},
						{"origin": [2, 18.7, -10.9], "size": [1, 1, 1], "uv": [100, 65]},
						{"origin": [3, 18.7, -11], "size": [2.5, 1.5, 1], "uv": [96, 53]},
						{"origin": [3, 18.7, -10.8], "size": [2.5, 1.5, 1], "uv": [96, 48]}
					]
				},
				{
					"name": "frontwheel",
					"parent": "frontwheelbase",
					"pivot": [0, 7, -15]
				},
				{
					"name": "ft",
					"parent": "frontwheel",
					"pivot": [-0.5, 7, -15],
					"cubes": [
						{"origin": [-1, 5.60761, -22], "size": [2, 2.78477, 1.5], "pivot": [-0.5, 7, -15], "rotation": [45, 0, 0], "uv": [0, 90]},
						{"origin": [-1, 5.60761, -22], "size": [2, 2.78477, 1.5], "pivot": [-0.5, 7, -15], "rotation": [22.5, 0, 0], "uv": [86, 89]},
						{"origin": [-1, 5.60761, -22], "size": [2, 2.78477, 1.5], "uv": [80, 89]},
						{"origin": [-1, 5.60761, -22], "size": [2, 2.78477, 1.5], "pivot": [-0.5, 7, -15], "rotation": [-22.5, 0, 0], "uv": [67, 89]},
						{"origin": [-1, 5.60761, -22], "size": [2, 2.78477, 1.5], "pivot": [-0.5, 7, -15], "rotation": [-45, 0, 0], "uv": [89, 66]},
						{"origin": [-1, 5.60761, -9.5], "size": [2, 2.78477, 1.5], "pivot": [-0.5, 7, -15], "rotation": [45, 0, 0], "uv": [89, 63]},
						{"origin": [-1, 5.60761, -9.5], "size": [2, 2.78477, 1.5], "pivot": [-0.5, 7, -15], "rotation": [22.5, 0, 0], "uv": [89, 60]},
						{"origin": [-1, 5.60761, -9.5], "size": [2, 2.78477, 1.5], "uv": [17, 89]},
						{"origin": [-1, 5.60761, -9.5], "size": [2, 2.78477, 1.5], "pivot": [-0.5, 7, -15], "rotation": [-22.5, 0, 0], "uv": [88, 85]},
						{"origin": [-1, 5.60761, -9.5], "size": [2, 2.78477, 1.5], "pivot": [-0.5, 7, -15], "rotation": [-45, 0, 0], "uv": [61, 88]},
						{"origin": [-1, 0, -16.39239], "size": [2, 1.5, 2.78477], "pivot": [-0.5, 7, -15], "rotation": [22.5, 0, 0], "uv": [0, 68]},
						{"origin": [-1, 0, -16.39239], "size": [2, 1.5, 2.78477], "uv": [64, 66]},
						{"origin": [-1, 0, -16.39239], "size": [2, 1.5, 2.78477], "pivot": [-0.5, 7, -15], "rotation": [-22.5, 0, 0], "uv": [0, 65]},
						{"origin": [-1, 12.5, -16.39239], "size": [2, 1.5, 2.78477], "pivot": [-0.5, 7, -15], "rotation": [22.5, 0, 0], "uv": [64, 63]},
						{"origin": [-1, 12.5, -16.39239], "size": [2, 1.5, 2.78477], "uv": [64, 60]},
						{"origin": [-1, 12.5, -16.39239], "size": [2, 1.5, 2.78477], "pivot": [-0.5, 7, -15], "rotation": [-22.5, 0, 0], "uv": [31, 61]}
					]
				},
				{
					"name": "fr",
					"parent": "frontwheel",
					"pivot": [0, 7, -15],
					"cubes": [
						{"origin": [-0.5, 5.80653, -21], "size": [1, 2.38695, 1], "pivot": [0, 7, -15], "rotation": [45, 0, 0], "uv": [95, 96]},
						{"origin": [-0.5, 5.80653, -21], "size": [1, 2.38695, 1], "pivot": [0, 7, -15], "rotation": [22.5, 0, 0], "uv": [96, 89]},
						{"origin": [-0.5, 5.80653, -21], "size": [1, 2.38695, 1], "uv": [80, 96]},
						{"origin": [-0.5, 5.80653, -21], "size": [1, 2.38695, 1], "pivot": [0, 7, -15], "rotation": [-22.5, 0, 0], "uv": [96, 77]},
						{"origin": [-0.5, 5.80653, -21], "size": [1, 2.38695, 1], "pivot": [0, 7, -15], "rotation": [-45, 0, 0], "uv": [76, 96]},
						{"origin": [-0.5, 5.80653, -10], "size": [1, 2.38695, 1], "pivot": [0, 7, -15], "rotation": [45, 0, 0], "uv": [72, 96]},
						{"origin": [-0.5, 5.80653, -10], "size": [1, 2.38695, 1], "pivot": [0, 7, -15], "rotation": [22.5, 0, 0], "uv": [65, 81]},
						{"origin": [-0.5, 5.80653, -10], "size": [1, 2.38695, 1], "uv": [79, 75]},
						{"origin": [-0.5, 5.80653, -10], "size": [1, 2.38695, 1], "pivot": [0, 7, -15], "rotation": [-22.5, 0, 0], "uv": [79, 20]},
						{"origin": [-0.5, 5.80653, -10], "size": [1, 2.38695, 1], "pivot": [0, 7, -15], "rotation": [-45, 0, 0], "uv": [78, 45]},
						{"origin": [-0.5, 1, -16.19347], "size": [1, 1, 2.38695], "pivot": [0, 7, -15], "rotation": [22.5, 0, 0], "uv": [55, 88]},
						{"origin": [-0.5, 1, -16.19347], "size": [1, 1, 2.38695], "uv": [42, 88]},
						{"origin": [-0.5, 1, -16.19347], "size": [1, 1, 2.38695], "pivot": [0, 7, -15], "rotation": [-22.5, 0, 0], "uv": [88, 24]},
						{"origin": [-0.5, 12, -16.19347], "size": [1, 1, 2.38695], "pivot": [0, 7, -15], "rotation": [22.5, 0, 0], "uv": [88, 0]},
						{"origin": [-0.5, 12, -16.19347], "size": [1, 1, 2.38695], "uv": [87, 79]},
						{"origin": [-0.5, 12, -16.19347], "size": [1, 1, 2.38695], "pivot": [0, 7, -15], "rotation": [-22.5, 0, 0], "uv": [75, 87]}
					]
				},
				{
					"name": "fd",
					"parent": "frontwheel",
					"pivot": [-1, -0.6, -1.2],
					"cubes": [
						{"origin": [-1, 7.9, -15.5], "size": [2, 1, 1], "uv": [43, 96]},
						{"origin": [-1, 7.9, -15.5], "size": [2, 1, 1], "pivot": [0, 7, -15], "rotation": [22.5, 0, 0], "uv": [33, 96]},
						{"origin": [-1, 7.9, -15.5], "size": [2, 1, 1], "pivot": [0, 7, -15], "rotation": [45, 0, 0], "uv": [96, 32]},
						{"origin": [-1, 7.9, -15.5], "size": [2, 1, 1], "pivot": [0, 7, -15], "rotation": [67.5, 0, 0], "uv": [96, 30]},
						{"origin": [-1, 7.9, -15.5], "size": [2, 1, 1], "pivot": [0, 7, -15], "rotation": [90, 0, 0], "uv": [27, 96]},
						{"origin": [-1, 7.9, -15.5], "size": [2, 1, 1], "pivot": [0, 7, -15], "rotation": [112.5, 0, 0], "uv": [21, 96]},
						{"origin": [-1, 7.9, -15.5], "size": [2, 1, 1], "pivot": [0, 7, -15], "rotation": [135, 0, 0], "uv": [15, 96]},
						{"origin": [-1, 7.9, -15.5], "size": [2, 1, 1], "pivot": [0, 7, -15], "rotation": [157.5, 0, 0], "uv": [96, 13]},
						{"origin": [-1, 7.9, -15.5], "size": [2, 1, 1], "pivot": [0, 7, -15], "rotation": [180, 0, 0], "uv": [96, 11]},
						{"origin": [-1, 7.9, -15.5], "size": [2, 1, 1], "pivot": [0, 7, -15], "rotation": [-157.5, 0, 0], "uv": [5, 96]},
						{"origin": [-1, 7.9, -15.5], "size": [2, 1, 1], "pivot": [0, 7, -15], "rotation": [-135, 0, 0], "uv": [90, 95]},
						{"origin": [-1, 7.9, -15.5], "size": [2, 1, 1], "pivot": [0, 7, -15], "rotation": [-112.5, 0, 0], "uv": [84, 95]},
						{"origin": [-1, 7.9, -15.5], "size": [2, 1, 1], "pivot": [0, 7, -15], "rotation": [-90, 0, 0], "uv": [95, 75]},
						{"origin": [-1, 7.9, -15.5], "size": [2, 1, 1], "pivot": [0, 7, -15], "rotation": [-67.5, 0, 0], "uv": [95, 73]},
						{"origin": [-1, 7.9, -15.5], "size": [2, 1, 1], "pivot": [0, 7, -15], "rotation": [-45, 0, 0], "uv": [95, 67]},
						{"origin": [-1, 7.9, -15.5], "size": [2, 1, 1], "pivot": [0, 7, -15], "rotation": [-22.5, 0, 0], "uv": [95, 60]}
					]
				},
				{
					"name": "fa",
					"parent": "frontwheel",
					"pivot": [0, 7, -15]
				},
				{
					"name": "am1",
					"parent": "fa",
					"pivot": [0, 7, -15]
				},
				{
					"name": "a1",
					"parent": "am1",
					"pivot": [-0.25, 7, -14.7],
					"cubes": [
						{"origin": [-0.25, 8, -16.5], "size": [1, 4, 1], "uv": [47, 9]},
						{"origin": [-0.75, 8, -15.7], "size": [1, 4, 1], "uv": [30, 26]}
					]
				},
				{
					"name": "a2",
					"parent": "am1",
					"pivot": [-0.25, 7, -13.6],
					"cubes": [
						{"origin": [-0.75, 8, -14.6], "size": [1, 4, 1], "uv": [17, 26]},
						{"origin": [-0.25, 8, -15.4], "size": [1, 4, 1], "uv": [21, 12]}
					]
				},
				{
					"name": "am2",
					"parent": "fa",
					"pivot": [0, 7, -15],
					"rotation": [45, 0, 0]
				},
				{
					"name": "a3",
					"parent": "am2",
					"pivot": [-0.25, 7, -14.7],
					"cubes": [
						{"origin": [-0.25, 8, -16.5], "size": [1, 4, 1], "uv": [47, 9]},
						{"origin": [-0.75, 8, -15.7], "size": [1, 4, 1], "uv": [30, 26]}
					]
				},
				{
					"name": "a4",
					"parent": "am2",
					"pivot": [-0.25, 7, -13.6],
					"cubes": [
						{"origin": [-0.75, 8, -14.6], "size": [1, 4, 1], "uv": [17, 26]},
						{"origin": [-0.25, 8, -15.4], "size": [1, 4, 1], "uv": [21, 12]}
					]
				},
				{
					"name": "am3",
					"parent": "fa",
					"pivot": [0, 7, -15],
					"rotation": [90, 0, 0]
				},
				{
					"name": "a5",
					"parent": "am3",
					"pivot": [-0.25, 7, -14.7],
					"cubes": [
						{"origin": [-0.25, 8, -16.5], "size": [1, 4, 1], "uv": [47, 9]},
						{"origin": [-0.75, 8, -15.7], "size": [1, 4, 1], "uv": [30, 26]}
					]
				},
				{
					"name": "a6",
					"parent": "am3",
					"pivot": [-0.25, 7, -13.6],
					"cubes": [
						{"origin": [-0.75, 8, -14.6], "size": [1, 4, 1], "uv": [17, 26]},
						{"origin": [-0.25, 8, -15.4], "size": [1, 4, 1], "uv": [21, 12]}
					]
				},
				{
					"name": "am4",
					"parent": "fa",
					"pivot": [0, 7, -15],
					"rotation": [135, 0, 0]
				},
				{
					"name": "a7",
					"parent": "am4",
					"pivot": [-0.25, 7, -14.7],
					"cubes": [
						{"origin": [-0.25, 8, -16.5], "size": [1, 4, 1], "uv": [47, 9]},
						{"origin": [-0.75, 8, -15.7], "size": [1, 4, 1], "uv": [30, 26]}
					]
				},
				{
					"name": "a8",
					"parent": "am4",
					"pivot": [-0.25, 7, -13.6],
					"cubes": [
						{"origin": [-0.75, 8, -14.6], "size": [1, 4, 1], "uv": [17, 26]},
						{"origin": [-0.25, 8, -15.4], "size": [1, 4, 1], "uv": [21, 12]}
					]
				},
				{
					"name": "am5",
					"parent": "fa",
					"pivot": [0, 7, -15],
					"rotation": [180, 0, 0]
				},
				{
					"name": "a9",
					"parent": "am5",
					"pivot": [-0.25, 7, -14.7],
					"cubes": [
						{"origin": [-0.25, 8, -16.5], "size": [1, 4, 1], "uv": [47, 9]},
						{"origin": [-0.75, 8, -15.7], "size": [1, 4, 1], "uv": [30, 26]}
					]
				},
				{
					"name": "a10",
					"parent": "am5",
					"pivot": [-0.25, 7, -13.6],
					"cubes": [
						{"origin": [-0.75, 8, -14.6], "size": [1, 4, 1], "uv": [17, 26]},
						{"origin": [-0.25, 8, -15.4], "size": [1, 4, 1], "uv": [21, 12]}
					]
				},
				{
					"name": "am6",
					"parent": "fa",
					"pivot": [0, 7, -15],
					"rotation": [-135, 0, 0]
				},
				{
					"name": "a11",
					"parent": "am6",
					"pivot": [-0.25, 7, -14.7],
					"cubes": [
						{"origin": [-0.25, 8, -16.5], "size": [1, 4, 1], "uv": [47, 9]},
						{"origin": [-0.75, 8, -15.7], "size": [1, 4, 1], "uv": [30, 26]}
					]
				},
				{
					"name": "a12",
					"parent": "am6",
					"pivot": [-0.25, 7, -13.6],
					"cubes": [
						{"origin": [-0.75, 8, -14.6], "size": [1, 4, 1], "uv": [17, 26]},
						{"origin": [-0.25, 8, -15.4], "size": [1, 4, 1], "uv": [21, 12]}
					]
				},
				{
					"name": "am7",
					"parent": "fa",
					"pivot": [0, 7, -15],
					"rotation": [-90, 0, 0]
				},
				{
					"name": "a13",
					"parent": "am7",
					"pivot": [-0.25, 7, -14.7],
					"cubes": [
						{"origin": [-0.25, 8, -16.5], "size": [1, 4, 1], "uv": [47, 9]},
						{"origin": [-0.75, 8, -15.7], "size": [1, 4, 1], "uv": [30, 26]}
					]
				},
				{
					"name": "a14",
					"parent": "am7",
					"pivot": [-0.25, 7, -13.6],
					"cubes": [
						{"origin": [-0.75, 8, -14.6], "size": [1, 4, 1], "uv": [17, 26]},
						{"origin": [-0.25, 8, -15.4], "size": [1, 4, 1], "uv": [21, 12]}
					]
				},
				{
					"name": "am8",
					"parent": "fa",
					"pivot": [0, 7, -15],
					"rotation": [-45, 0, 0]
				},
				{
					"name": "a15",
					"parent": "am8",
					"pivot": [-0.25, 7, -14.7],
					"cubes": [
						{"origin": [-0.25, 8, -16.5], "size": [1, 4, 1], "uv": [47, 9]},
						{"origin": [-0.75, 8, -15.7], "size": [1, 4, 1], "uv": [30, 26]}
					]
				},
				{
					"name": "a16",
					"parent": "am8",
					"pivot": [-0.25, 7, -13.6],
					"cubes": [
						{"origin": [-0.75, 8, -14.6], "size": [1, 4, 1], "uv": [17, 26]},
						{"origin": [-0.25, 8, -15.4], "size": [1, 4, 1], "uv": [21, 12]}
					]
				},
				{
					"name": "fb",
					"parent": "frontwheel",
					"pivot": [-1, 7, -15],
					"cubes": [
						{"origin": [-1.5, 6.48283, -17.6], "size": [1, 1.03434, 1], "pivot": [-1, 7, -15], "rotation": [45, 0, 0], "uv": [64, 100]},
						{"origin": [-1.5, 6.48283, -17.6], "size": [1, 1.03434, 1], "pivot": [-1, 7, -15], "rotation": [22.5, 0, 0], "uv": [100, 61]},
						{"origin": [-1.5, 6.48283, -17.6], "size": [1, 1.03434, 1], "uv": [60, 100]},
						{"origin": [-1.5, 6.48283, -17.6], "size": [1, 1.03434, 1], "pivot": [-1, 7, -15], "rotation": [-22.5, 0, 0], "uv": [100, 59]},
						{"origin": [-1.5, 6.48283, -17.6], "size": [1, 1.03434, 1], "pivot": [-1, 7, -15], "rotation": [-45, 0, 0], "uv": [56, 100]},
						{"origin": [-1.5, 6.48283, -13.4], "size": [1, 1.03434, 1], "pivot": [-1, 7, -15], "rotation": [45, 0, 0], "uv": [100, 51]},
						{"origin": [-1.5, 6.48283, -13.4], "size": [1, 1.03434, 1], "pivot": [-1, 7, -15], "rotation": [22.5, 0, 0], "uv": [42, 100]},
						{"origin": [-1.5, 6.48283, -13.4], "size": [1, 1.03434, 1], "uv": [100, 41]},
						{"origin": [-1.5, 6.48283, -13.4], "size": [1, 1.03434, 1], "pivot": [-1, 7, -15], "rotation": [-22.5, 0, 0], "uv": [100, 39]},
						{"origin": [-1.5, 6.48283, -13.4], "size": [1, 1.03434, 1], "pivot": [-1, 7, -15], "rotation": [-45, 0, 0], "uv": [38, 100]},
						{"origin": [-1.5, 4.4, -15.51717], "size": [1, 1, 1.03434], "pivot": [-1, 7, -15], "rotation": [22.5, 0, 0], "uv": [100, 37]},
						{"origin": [-1.5, 4.4, -15.51717], "size": [1, 1, 1.03434], "uv": [100, 34]},
						{"origin": [-1.5, 4.4, -15.51717], "size": [1, 1, 1.03434], "pivot": [-1, 7, -15], "rotation": [-22.5, 0, 0], "uv": [34, 100]},
						{"origin": [-1.5, 8.6, -15.51717], "size": [1, 1, 1.03434], "pivot": [-1, 7, -15], "rotation": [22.5, 0, 0], "uv": [30, 100]},
						{"origin": [-1.5, 8.6, -15.51717], "size": [1, 1, 1.03434], "uv": [100, 26]},
						{"origin": [-1.5, 8.6, -15.51717], "size": [1, 1, 1.03434], "pivot": [-1, 7, -15], "rotation": [-22.5, 0, 0], "uv": [26, 100]}
					]
				},
				{
					"name": "speedmeter",
					"parent": "frontwheelbase",
					"pivot": [0, 16.4, -9.1],
					"cubes": [
						{"origin": [0.5, 21, -11.8], "size": [3, 2, 1], "pivot": [0, 16.4, -9.1], "rotation": [-25, 0, 0], "uv": [21, 59]},
						{"origin": [-3.5, 21, -11.8], "size": [3, 2, 1], "pivot": [-4, 16.4, -9.1], "rotation": [-25, 0, 0], "uv": [11, 59]},
						{"origin": [0.5, 21, -12.9], "size": [3, 1, 2], "pivot": [0, 16.4, -9.1], "rotation": [-25, 0, 0], "uv": [81, 82]},
						{"origin": [-3.5, 21, -12.9], "size": [3, 1, 2], "pivot": [-4, 16.4, -9.1], "rotation": [-25, 0, 0], "uv": [56, 82]},
						{"origin": [0.5, 21.2, -12.9], "size": [3, 1, 2], "pivot": [0, 16.4, -9.1], "rotation": [-25, 0, 0], "uv": [40, 82]},
						{"origin": [-3.5, 21.2, -12.9], "size": [3, 1, 2], "pivot": [-4, 16.4, -9.1], "rotation": [-25, 0, 0], "uv": [82, 29]},
						{"origin": [0.5, 22.0889, -9.849], "size": [3, 1, 2], "pivot": [3, 23.1, -7.825], "rotation": [-30, 0, 0], "uv": [10, 82]},
						{"origin": [-3.5, 22.0889, -9.849], "size": [3, 1, 2], "pivot": [-1, 23.1, -7.825], "rotation": [-30, 0, 0], "uv": [48, 81]},
						{"origin": [-0.5, 21, -12.6], "size": [1, 2, 1], "pivot": [0, 16.4, -9.1], "rotation": [-25, 0, 0], "uv": [40, 77]}
					]
				},
				{
					"name": "engineholder",
					"parent": "rx115",
					"pivot": [2, 17.9, -8.325],
					"rotation": [0, 5, 0],
					"cubes": [
						{"origin": [1, 16.83243, -8.82943], "size": [1, 1, 10], "pivot": [2, 16.85, -8.825], "rotation": [-57.5, 0, 0], "uv": [43, 20]},
						{"origin": [1, 8.41046, -3.48064], "size": [1, 1, 2], "pivot": [2, 8.4, -3.475], "rotation": [-47.5, 0, 0], "uv": [51, 87]},
						{"origin": [1, 6.9182, -2.12206], "size": [1, 1, 2], "pivot": [2, 6.925, -2.1], "rotation": [-25, 0, 0], "uv": [38, 87]},
						{"origin": [1, 6.07785, -0.31264], "size": [1, 1, 4], "pivot": [2, 6.075, -0.3], "rotation": [-5, -5, 0], "uv": [80, 21]},
						{"origin": [-2.2, 6.07785, 0.68736], "size": [3, 1, 1], "pivot": [2, 6.075, -0.3], "rotation": [-5, -5, 0], "uv": [85, 52]},
						{"origin": [3.3, 6.67785, 1.58736], "size": [2, 1, 1], "pivot": [2, 6.075, -0.3], "rotation": [0, -5, 0], "uv": [55, 95]},
						{"origin": [0.43319, 6.63559, 1.6911], "size": [1, 1, 1], "pivot": [3.05, 7.675, 2.7], "rotation": [10, -32.5, -25], "uv": [22, 100]},
						{"origin": [1.03319, 6.63559, 1.6911], "size": [2, 1, 1], "pivot": [3.05, 7.675, 2.7], "rotation": [10, -32.5, -25], "uv": [49, 95]},
						{"origin": [-2.4, 6.07785, 0.68736], "size": [1, 1, 1], "pivot": [2, 6.075, -0.3], "rotation": [-5, -5, 0], "uv": [100, 20]},
						{"origin": [0, 6.07785, 0.68736], "size": [1, 1, 1], "pivot": [2, 6.075, -0.3], "rotation": [-5, -5, 0], "uv": [100, 18]},
						{"origin": [1, 18.2, -13.6], "size": [1, 4, 1], "pivot": [-2, 7.5, -16.5], "rotation": [-25, 0, 0], "uv": [14, 12]},
						{"origin": [1, 14.55215, -9.4437], "size": [1, 1, 1], "pivot": [2, 15.55, -8.45], "rotation": [-65, 0, 0], "uv": [18, 100]},
						{"origin": [1, 14.25215, -9.4437], "size": [1, 1, 1], "pivot": [2, 15.55, -8.45], "rotation": [-65, 0, 0], "uv": [14, 100]}
					]
				},
				{
					"name": "stand2",
					"parent": "engineholder",
					"pivot": [1.8, 5.9, 2.175],
					"rotation": [82.5, 0, 0],
					"cubes": [
						{"origin": [1.32493, -0.09798, 2.16993], "size": [1, 6, 1], "pivot": [1.8, 5.9, 1.7], "rotation": [-5, -5, -10], "uv": [57, 60]},
						{"origin": [0.82493, -0.09798, 1.66993], "size": [1, 6, 1], "pivot": [1.8, 5.9, 1.7], "rotation": [-5, -5, -10], "uv": [53, 59]}
					]
				},
				{
					"name": "engineholder2",
					"parent": "rx115",
					"pivot": [-2, 17.9, -8.325],
					"rotation": [0, -5, 0],
					"cubes": [
						{"origin": [-2, 16.83243, -8.82943], "size": [1, 1, 10], "pivot": [-1, 16.85, -8.825], "rotation": [-57.5, 0, 0], "uv": [41, 9]},
						{"origin": [-2, 8.41046, -3.48064], "size": [1, 1, 2], "pivot": [-1, 8.4, -3.475], "rotation": [-47.5, 0, 0], "uv": [29, 87]},
						{"origin": [-2, 6.9182, -2.12206], "size": [1, 1, 2], "pivot": [-1, 6.925, -2.1], "rotation": [-25, 0, 0], "uv": [23, 87]},
						{"origin": [-2, 6.07785, -0.31264], "size": [1, 1, 4], "pivot": [-2, 6.075, -0.3], "rotation": [-5, 5, 0], "uv": [80, 9]},
						{"origin": [-2, 18.2, -13.6], "size": [1, 4, 1], "pivot": [-2, 7.5, -16.5], "rotation": [-25, 0, 0], "uv": [7, 12]},
						{"origin": [-2, 14.55215, -9.4437], "size": [1, 1, 1], "pivot": [-2, 15.55, -8.45], "rotation": [-65, 0, 0], "uv": [10, 100]},
						{"origin": [-2, 14.25215, -9.4437], "size": [1, 1, 1], "pivot": [-2, 15.55, -8.45], "rotation": [-65, 0, 0], "uv": [100, 8]}
					]
				},
				{
					"name": "stand3",
					"parent": "engineholder2",
					"pivot": [-1.8, 5.9, 2.175],
					"rotation": [82.5, 0, 0],
					"cubes": [
						{"origin": [-1.82493, -0.09798, 2.16993], "size": [1, 6, 1], "pivot": [-1.8, 5.9, 2.2], "rotation": [-5, 5, 10], "uv": [42, 57]},
						{"origin": [-2.32493, -0.09798, 1.66993], "size": [1, 6, 1], "pivot": [-1.8, 5.9, 2.2], "rotation": [-5, 5, 10], "uv": [13, 36]}
					]
				},
				{
					"name": "base",
					"parent": "rx115",
					"pivot": [0, -1, -11],
					"cubes": [
						{"origin": [2, 15, -4], "size": [1, 1, 9], "uv": [64, 61]},
						{"origin": [1.7, 15, 12], "size": [1, 1, 11], "pivot": [0.3, 15, 12], "rotation": [5, 0, 0], "uv": [0, 36]},
						{"origin": [-2, 15.1, 12], "size": [4, 1, 11], "pivot": [0.3, 15, 12], "rotation": [5, 0, 0], "uv": [0, 0]},
						{"origin": [-2.7, 15, 12], "size": [1, 1, 11], "pivot": [-4.1, 15, 12], "rotation": [5, 0, 0], "uv": [28, 11]},
						{"origin": [1.7, 15.96252, 21.9547], "size": [1, 3, 1], "pivot": [2.3, 16, 23], "rotation": [-27.5, 0, 0], "uv": [49, 23]},
						{"origin": [-2.7, 15.96252, 21.9547], "size": [1, 3, 1], "pivot": [-2.1, 16, 23], "rotation": [-27.5, 0, 0], "uv": [41, 11]},
						{"origin": [-2, 15.96252, 21.9547], "size": [4, 3, 1], "pivot": [-2.1, 16, 23], "rotation": [-27.5, 0, 0], "uv": [28, 18]},
						{"origin": [1.7, 15.76252, 20.9547], "size": [1, 3, 1], "pivot": [2.3, 16, 23], "rotation": [-27.5, 0, 0], "uv": [6, 41]},
						{"origin": [-2.7, 15.76252, 20.9547], "size": [1, 3, 1], "pivot": [-2.1, 16, 23], "rotation": [-27.5, 0, 0], "uv": [0, 41]},
						{"origin": [1.7, 15.66252, 20.7547], "size": [1, 3, 1], "pivot": [2.3, 16, 23], "rotation": [-27.5, 0, 0], "uv": [6, 36]},
						{"origin": [-2.7, 15.66252, 20.7547], "size": [1, 3, 1], "pivot": [-2.1, 16, 23], "rotation": [-27.5, 0, 0], "uv": [0, 36]},
						{"origin": [1.7, 18.62966, 21.38575], "size": [1, 1, 3], "uv": [55, 24]},
						{"origin": [-2.7, 18.62966, 21.38575], "size": [1, 1, 3], "uv": [21, 55]},
						{"origin": [-2, 18.62966, 21.38575], "size": [4, 1, 3], "uv": [73, 71]},
						{"origin": [1.7, 16.62966, 21.38575], "size": [1, 3, 1], "pivot": [2.3, 19.625, 21.4], "rotation": [-30, 0, 0], "uv": [34, 11]},
						{"origin": [-2.7, 16.62966, 21.38575], "size": [1, 3, 1], "pivot": [-2.1, 19.625, 21.4], "rotation": [-30, 0, 0], "uv": [6, 0]},
						{"origin": [-2.7, 16.12966, 21.38575], "size": [1, 1, 1], "pivot": [-2.1, 19.625, 21.4], "rotation": [-30, 0, 0], "uv": [100, 5]},
						{"origin": [1.7, 16.12966, 21.38575], "size": [1, 1, 1], "pivot": [-2.1, 19.625, 21.4], "rotation": [-30, 0, 0], "uv": [4, 100]},
						{"origin": [2, 16, -4], "size": [1, 1, 9], "uv": [61, 35]},
						{"origin": [-3, 16, -4], "size": [1, 1, 9], "uv": [53, 60]},
						{"origin": [2, 18, -4.9], "size": [1, 1, 5], "uv": [14, 12]},
						{"origin": [-3, 18, -4.9], "size": [1, 1, 5], "uv": [0, 12]},
						{"origin": [2, 17.4, -5.5], "size": [1, 1, 1], "uv": [0, 100]},
						{"origin": [-3, 17.4, -5.5], "size": [1, 1, 1], "uv": [99, 96]},
						{"origin": [2, 16.4, -5], "size": [1, 1, 1], "uv": [94, 99]},
						{"origin": [-3, 16.4, -5], "size": [1, 1, 1], "uv": [99, 87]},
						{"origin": [2, 17, -4.5], "size": [1, 1, 9], "uv": [42, 59]},
						{"origin": [-3, 17, -4.5], "size": [1, 1, 9], "uv": [58, 50]},
						{"origin": [-3, 15, -4], "size": [1, 1, 9], "uv": [31, 56]},
						{"origin": [-2, 15, -4], "size": [4, 1, 9], "uv": [26, 26]},
						{"origin": [2, 15, 4.5], "size": [1, 1, 1], "uv": [86, 99]},
						{"origin": [-3, 15, 4.5], "size": [1, 1, 1], "uv": [99, 85]},
						{"origin": [-2, 15, 4.5], "size": [4, 1, 1], "uv": [85, 4]},
						{"origin": [2, 15, -8], "size": [1, 1, 4], "pivot": [0, 15, -4], "rotation": [-45, 0, 0], "uv": [79, 76]},
						{"origin": [-3, 15, -8], "size": [1, 1, 4], "pivot": [-5, 15, -4], "rotation": [-45, 0, 0], "uv": [79, 44]},
						{"origin": [-2, 15, -8], "size": [4, 1, 4], "pivot": [-4, 15, -4], "rotation": [-45, 0, 0], "uv": [70, 29]},
						{"origin": [2, 16, -8], "size": [1, 2, 1], "pivot": [0, 15, -4], "rotation": [-45, 0, 0], "uv": [56, 76]},
						{"origin": [-3, 16, -8], "size": [1, 2, 1], "pivot": [-5, 15, -4], "rotation": [-45, 0, 0], "uv": [16, 76]},
						{"origin": [-2, 16, -8], "size": [4, 2, 1], "pivot": [-4, 15, -4], "rotation": [-45, 0, 0], "uv": [73, 81]},
						{"origin": [2, 18.9448, -4.70485], "size": [1, 1, 1], "pivot": [3, 19.95, -4.7], "rotation": [-5, 0, 0], "uv": [82, 99]},
						{"origin": [-3, 18.9448, -4.70485], "size": [1, 1, 1], "pivot": [-2, 19.95, -4.7], "rotation": [-5, 0, 0], "uv": [99, 79]},
						{"origin": [-2, 18.9448, -4.70485], "size": [4, 1, 1], "pivot": [-1, 19.95, -4.7], "rotation": [-5, 0, 0], "uv": [0, 85]},
						{"origin": [2, 18.85944, -3.70985], "size": [1, 1, 9], "pivot": [3, 19.85, -3.725], "rotation": [-12.5, 0, 0], "uv": [20, 55]},
						{"origin": [-3, 18.85944, -3.70985], "size": [1, 1, 9], "pivot": [-2, 19.85, -3.725], "rotation": [-12.5, 0, 0], "uv": [55, 19]},
						{"origin": [-2, 18.85944, -3.70985], "size": [4, 1, 9], "pivot": [-1, 19.85, -3.725], "rotation": [-12.5, 0, 0], "uv": [0, 26]},
						{"origin": [2, 15.90314, 4.07728], "size": [1, 2, 1], "pivot": [3, 17.9, 5.1], "rotation": [12.5, 0, 0], "uv": [0, 76]},
						{"origin": [-3, 15.90314, 4.07728], "size": [1, 2, 1], "pivot": [-2, 17.9, 5.1], "rotation": [12.5, 0, 0], "uv": [73, 75]},
						{"origin": [-2, 15.90314, 4.07728], "size": [4, 2, 1], "pivot": [-1, 17.9, 5.1], "rotation": [12.5, 0, 0], "uv": [81, 54]},
						{"origin": [2, 13.8, 3], "size": [1, 1, 8], "uv": [18, 65]},
						{"origin": [-3, 13.8, 3], "size": [1, 1, 8], "uv": [0, 65]},
						{"origin": [-2, 13.8, 3], "size": [4, 1, 8], "uv": [38, 0]},
						{"origin": [-1, 14.8, 4], "size": [2, 1, 6], "uv": [54, 35]},
						{"origin": [2, 13.8, 8], "size": [1, 1, 3], "pivot": [0, 13.8, 11], "rotation": [50, 0, 0], "uv": [55, 20]},
						{"origin": [-2, 13.8, 8], "size": [4, 1, 3], "pivot": [0, 13.8, 11], "rotation": [50, 0, 0], "uv": [72, 38]},
						{"origin": [-3, 13.8, 8], "size": [1, 1, 3], "pivot": [-5, 13.8, 11], "rotation": [50, 0, 0], "uv": [11, 55]},
						{"origin": [2, 13.8, 7.225], "size": [1, 1, 1], "pivot": [0, 13.8, 11], "rotation": [50, 0, 0], "uv": [78, 99]},
						{"origin": [-2, 13.8, 7.225], "size": [4, 1, 1], "pivot": [0, 13.8, 11], "rotation": [50, 0, 0], "uv": [84, 72]},
						{"origin": [-3, 13.8, 7.225], "size": [1, 1, 1], "pivot": [-5, 13.8, 11], "rotation": [50, 0, 0], "uv": [74, 99]},
						{"origin": [2, 10.9, 3.8], "size": [1, 1, 4], "uv": [22, 79]},
						{"origin": [-2, 10.9, 3.8], "size": [4, 1, 4], "uv": [69, 54]},
						{"origin": [-3, 10.9, 3.8], "size": [1, 1, 4], "uv": [79, 15]},
						{"origin": [2, 11.9, 4.2], "size": [1, 1, 4], "uv": [56, 77]},
						{"origin": [-3, 11.9, 4.2], "size": [1, 1, 4], "uv": [40, 77]},
						{"origin": [2, 11.9, 8.2], "size": [1, 1, 1], "uv": [70, 99]},
						{"origin": [-3, 11.9, 8.2], "size": [1, 1, 1], "uv": [99, 63]},
						{"origin": [2, 12.9, 4], "size": [1, 1, 4], "uv": [16, 77]},
						{"origin": [-3, 12.9, 4], "size": [1, 1, 4], "uv": [50, 76]},
						{"origin": [2, 12.9, 8], "size": [1, 1, 2], "uv": [12, 87]},
						{"origin": [-3, 12.9, 8], "size": [1, 1, 2], "uv": [6, 87]},
						{"origin": [2, 10.9, 7.575], "size": [1, 1, 1], "uv": [99, 57]},
						{"origin": [-2, 10.9, 7.575], "size": [4, 1, 1], "uv": [84, 70]},
						{"origin": [-3, 10.9, 7.575], "size": [1, 1, 1], "uv": [53, 99]},
						{"origin": [2, 13.8, 3], "size": [1, 1, 3], "pivot": [0, 13.8, 3], "rotation": [-75, 0, 0], "uv": [0, 55]},
						{"origin": [-2, 13.8, 3], "size": [4, 1, 3], "pivot": [0, 13.8, 3], "rotation": [-75, 0, 0], "uv": [30, 36]},
						{"origin": [-3, 13.8, 3], "size": [1, 1, 3], "pivot": [-5, 13.8, 3], "rotation": [-75, 0, 0], "uv": [38, 4]},
						{"origin": [-2, 18.2, -12.5], "size": [4, 3, 2], "pivot": [-2, 7.5, -15.5], "rotation": [-25, 0, 0], "uv": [0, 18]},
						{"origin": [-0.5, 18.2, -10.5], "size": [1, 1, 2], "pivot": [-2, 7.5, -15.5], "rotation": [-25, 0, 0], "uv": [0, 87]},
						{"origin": [-0.5, 14.22354, -4.63665], "size": [1, 1, 3], "pivot": [1, 14.225, -4.6], "rotation": [22.5, 0, 0], "uv": [38, 0]}
					]
				},
				{
					"name": "seating",
					"parent": "base",
					"pivot": [0, -1, -11],
					"cubes": [
						{"origin": [-2.5, 15, 5], "size": [5, 3, 7], "uv": [13, 36]},
						{"origin": [-2.5, 16, 12], "size": [5, 2, 9], "uv": [19, 0]},
						{"origin": [-2.5, 17, 10], "size": [5, 1, 3], "pivot": [0, 18, 10], "rotation": [7.5, 0, 0], "uv": [72, 34]},
						{"origin": [-2.5, 17.395, 12.97345], "size": [5, 1, 3], "pivot": [0, 18.4, 13], "rotation": [-5, 0, 0], "uv": [72, 4]},
						{"origin": [-2.5, 16.21993, 14.96363], "size": [5, 2, 7], "pivot": [0, 18.2, 15], "rotation": [12.5, 0, 0], "uv": [37, 36]}
					]
				},
				{
					"name": "fuelcover",
					"parent": "base",
					"pivot": [9.6, 16.6, -2.2],
					"rotation": [0, -12.5, -90],
					"cubes": [
						{"origin": [11.6, 25, -2.2], "size": [1, 1, 1], "pivot": [12.6, 26.1, -1.7], "rotation": [-90, 0, 0], "uv": [49, 99]},
						{"origin": [11.6, 25, -2.2], "size": [1, 1, 1], "pivot": [12.6, 26.1, -1.7], "rotation": [-22.5, 0, 0], "uv": [99, 45]},
						{"origin": [11.6, 25, -2.2], "size": [1, 1, 1], "pivot": [12.6, 26.1, -1.7], "rotation": [-45, 0, 0], "uv": [45, 99]},
						{"origin": [11.6, 25, -2.2], "size": [1, 1, 1], "pivot": [12.6, 26.1, -1.7], "rotation": [-67.5, 0, 0], "uv": [99, 16]},
						{"origin": [11.6, 25, -2.2], "size": [1, 1, 1], "pivot": [12.6, 26.1, -1.7], "rotation": [-112.5, 0, 0], "uv": [7, 99]},
						{"origin": [11.65, 25.6, -2.2], "size": [1, 1, 1], "pivot": [12.6, 26.1, -1.7], "rotation": [-90, 0, 0], "uv": [98, 98]},
						{"origin": [11.6, 25, -2.2], "size": [1, 1, 1], "pivot": [12.6, 26.1, -1.7], "rotation": [-135, 0, 0], "uv": [91, 98]},
						{"origin": [11.6, 25, -2.2], "size": [1, 1, 1], "pivot": [12.6, 26.1, -1.7], "rotation": [-157.5, 0, 0], "uv": [98, 83]},
						{"origin": [11.6, 25, -2.2], "size": [1, 1, 1], "pivot": [12.6, 26.1, -1.7], "rotation": [180, 0, 0], "uv": [98, 70]},
						{"origin": [11.6, 25, -2.2], "size": [1, 1, 1], "pivot": [12.6, 26.1, -1.7], "rotation": [157.5, 0, 0], "uv": [67, 98]},
						{"origin": [11.6, 25, -2.2], "size": [1, 1, 1], "pivot": [12.6, 26.1, -1.7], "rotation": [135, 0, 0], "uv": [63, 98]},
						{"origin": [11.6, 25, -2.2], "size": [1, 1, 1], "pivot": [12.6, 26.1, -1.7], "rotation": [112.5, 0, 0], "uv": [59, 98]},
						{"origin": [11.6, 25, -2.2], "size": [1, 1, 1], "pivot": [12.6, 26.1, -1.7], "rotation": [90, 0, 0], "uv": [42, 98]},
						{"origin": [11.6, 25, -2.2], "size": [1, 1, 1], "pivot": [12.6, 26.1, -1.7], "rotation": [67.5, 0, 0], "uv": [34, 98]},
						{"origin": [11.6, 25, -2.2], "size": [1, 1, 1], "pivot": [12.6, 26.1, -1.7], "rotation": [45, 0, 0], "uv": [30, 98]},
						{"origin": [11.6, 25, -2.2], "size": [1, 1, 1], "pivot": [12.6, 26.1, -1.7], "rotation": [22.5, 0, 0], "uv": [26, 98]},
						{"origin": [11.6, 25, -2.2], "size": [1, 1, 1], "uv": [98, 24]}
					]
				},
				{
					"name": "taillights",
					"parent": "base",
					"pivot": [0, -1, -11],
					"cubes": [
						{"origin": [-2, 16, 23.6], "size": [4, 2, 1], "uv": [81, 49]},
						{"origin": [-2.5, 12.7, 21.8], "size": [5, 3, 1], "pivot": [0, 15, 23], "rotation": [17.5, 0, 0], "uv": [14, 18]},
						{"origin": [-1, 15.7, 21.8], "size": [2, 1, 1], "pivot": [0, 15, 23], "rotation": [17.5, 0, 0], "uv": [40, 72]},
						{"origin": [3, 15.9, 23.1], "size": [2, 1, 1], "uv": [38, 95]},
						{"origin": [-5, 15.9, 23.1], "size": [2, 1, 1], "uv": [95, 28]},
						{"origin": [2.1, 16.2, 22.1], "size": [2, 1, 1], "uv": [0, 95]},
						{"origin": [-4.1, 16.2, 22.1], "size": [2, 1, 1], "uv": [0, 95]},
						{"origin": [2.1, 15.7, 22.6], "size": [2, 1, 1], "uv": [94, 81]},
						{"origin": [-4.1, 15.7, 22.6], "size": [2, 1, 1], "uv": [94, 81]}
					]
				},
				{
					"name": "colors",
					"parent": "base",
					"pivot": [0, -1, -11],
					"cubes": [
						{"origin": [2.03, 15.1, -3.1], "size": [1, 1, 8], "uv": [62, 0]},
						{"origin": [2.02, 15.1, -4.4], "size": [1, 1, 4], "pivot": [0, 15.1, -0.4], "rotation": [-45, 0, 0], "uv": [10, 76]},
						{"origin": [2.02, 15.1, -5.8], "size": [1, 1, 4], "pivot": [0, 15.1, -1.8], "rotation": [-45, 0, 0], "uv": [0, 76]},
						{"origin": [2.02, 15.1, -7.2], "size": [1, 1, 4], "pivot": [0, 15.1, -3.2], "rotation": [-45, 0, 0], "uv": [73, 75]},
						{"origin": [2.02, 15.1, -7.15], "size": [1, 1, 4], "pivot": [0, 15.1, -3.2], "rotation": [-45, 0, 0], "uv": [73, 75]},
						{"origin": [2.02, 16, -7.5], "size": [1, 2, 1], "pivot": [0.1, 14.8, -3.5], "rotation": [-45, 0, 0], "uv": [65, 71]},
						{"origin": [2.01, 18.83, -4.10985], "size": [1, 1, 1], "pivot": [3, 19.85, -3.725], "rotation": [-12.5, 0, 0], "uv": [22, 98]},
						{"origin": [2.02, 16.6, -6.1], "size": [1, 1, 1], "pivot": [0.1, 14.8, -2.1], "rotation": [-45, 0, 0], "uv": [18, 98]},
						{"origin": [2.02, 16, -6.1], "size": [1, 1, 1], "pivot": [0.1, 14.8, -2.1], "rotation": [-45, 0, 0], "uv": [14, 98]},
						{"origin": [2.01, 18.83, -3.10985], "size": [1, 1, 1], "pivot": [3, 19.85, -3.725], "rotation": [-12.5, 0, 0], "uv": [4, 98]},
						{"origin": [2.02, 16, -4.7], "size": [1, 1, 1], "pivot": [0.1, 14.8, -0.7], "rotation": [-45, 0, 0], "uv": [98, 3]},
						{"origin": [2.02, 18.83, -2.10985], "size": [1, 1, 1], "pivot": [3, 19.85, -3.725], "rotation": [-12.5, 0, 0], "uv": [98, 0]}
					]
				},
				{
					"name": "colors2",
					"parent": "base",
					"pivot": [-5.1, -1, -11],
					"cubes": [
						{"origin": [-3.03, 15.1, -3.1], "size": [1, 1, 8], "uv": [11, 55]},
						{"origin": [-3.02, 15.1, -4.4], "size": [1, 1, 4], "pivot": [-5.1, 15.1, -0.4], "rotation": [-45, 0, 0], "uv": [24, 74]},
						{"origin": [-3.02, 15.1, -5.8], "size": [1, 1, 4], "pivot": [-5.1, 15.1, -1.8], "rotation": [-45, 0, 0], "uv": [43, 23]},
						{"origin": [-3.02, 15.1, -7.2], "size": [1, 1, 4], "pivot": [-5.1, 15.1, -3.2], "rotation": [-45, 0, 0], "uv": [41, 11]},
						{"origin": [-3.02, 15.1, -7.15], "size": [1, 1, 4], "pivot": [-5.1, 15.1, -3.2], "rotation": [-45, 0, 0], "uv": [41, 11]},
						{"origin": [-3.02, 16, -7.5], "size": [1, 2, 1], "pivot": [-5, 14.8, -3.5], "rotation": [-45, 0, 0], "uv": [52, 70]},
						{"origin": [-3.01, 18.83, -4.10985], "size": [1, 1, 1], "pivot": [-2.1, 19.85, -3.725], "rotation": [-12.5, 0, 0], "uv": [97, 94]},
						{"origin": [-3.02, 16.6, -6.1], "size": [1, 1, 1], "pivot": [-5, 14.8, -2.1], "rotation": [-45, 0, 0], "uv": [97, 92]},
						{"origin": [-3.02, 16, -6.1], "size": [1, 1, 1], "pivot": [-5, 14.8, -2.1], "rotation": [-45, 0, 0], "uv": [88, 97]},
						{"origin": [-3.01, 18.83, -3.10985], "size": [1, 1, 1], "pivot": [-2.1, 19.85, -3.725], "rotation": [-12.5, 0, 0], "uv": [84, 97]},
						{"origin": [-3.02, 16, -4.7], "size": [1, 1, 1], "pivot": [-5, 14.8, -0.7], "rotation": [-45, 0, 0], "uv": [56, 97]},
						{"origin": [-3.02, 18.83, -2.10985], "size": [1, 1, 1], "pivot": [-2.1, 19.85, -3.725], "rotation": [-12.5, 0, 0], "uv": [52, 97]}
					]
				},
				{
					"name": "engine",
					"parent": "rx115",
					"pivot": [0, -0.6, -1.2]
				},
				{
					"name": "e1",
					"parent": "engine",
					"pivot": [0, -0.6, -1.2],
					"cubes": [
						{"origin": [-3, 7.9, -1.7], "size": [6, 2, 2], "uv": [72, 0]},
						{"origin": [-3, 9.6, -1.2], "size": [6, 1, 1], "uv": [75, 68]},
						{"origin": [-3, 9.6, -1.2], "size": [6, 1, 1], "pivot": [3, 8.9, -0.7], "rotation": [22.5, 0, 0], "uv": [75, 66]},
						{"origin": [-3, 9.6, -1.2], "size": [6, 1, 1], "pivot": [3, 8.9, -0.7], "rotation": [45, 0, 0], "uv": [75, 64]},
						{"origin": [-3, 9.6, -1.2], "size": [6, 1, 1], "pivot": [3, 8.9, -0.7], "rotation": [67.5, 0, 0], "uv": [75, 62]},
						{"origin": [-3, 9.6, -1.2], "size": [6, 1, 1], "pivot": [3, 8.9, -0.7], "rotation": [90, 0, 0], "uv": [75, 60]},
						{"origin": [-3, 9.6, -1.2], "size": [6, 1, 1], "pivot": [3, 8.9, -0.7], "rotation": [112.5, 0, 0], "uv": [40, 75]},
						{"origin": [-3, 9.6, -1.2], "size": [6, 1, 1], "pivot": [3, 8.9, -0.7], "rotation": [135, 0, 0], "uv": [75, 27]},
						{"origin": [-3, 9.6, -1.2], "size": [6, 1, 1], "pivot": [3, 8.9, -0.7], "rotation": [157.5, 0, 0], "uv": [14, 74]},
						{"origin": [-3, 9.6, -1.2], "size": [6, 1, 1], "pivot": [3, 8.9, -0.7], "rotation": [180, 0, 0], "uv": [0, 74]},
						{"origin": [-3, 9.6, -1.2], "size": [6, 1, 1], "pivot": [3, 8.9, -0.7], "rotation": [-157.5, 0, 0], "uv": [72, 42]},
						{"origin": [-3, 9.6, -1.2], "size": [6, 1, 1], "pivot": [3, 8.9, -0.7], "rotation": [-135, 0, 0], "uv": [10, 71]},
						{"origin": [-3, 9.6, -1.2], "size": [6, 1, 1], "pivot": [3, 8.9, -0.7], "rotation": [-112.5, 0, 0], "uv": [66, 25]},
						{"origin": [-3, 9.6, -1.2], "size": [6, 1, 1], "pivot": [3, 8.9, -0.7], "rotation": [-90, 0, 0], "uv": [64, 45]},
						{"origin": [-3, 9.6, -1.2], "size": [6, 1, 1], "pivot": [3, 8.9, -0.7], "rotation": [-67.5, 0, 0], "uv": [42, 55]},
						{"origin": [-3, 9.6, -1.2], "size": [6, 1, 1], "pivot": [3, 8.9, -0.7], "rotation": [-45, 0, 0], "uv": [30, 40]},
						{"origin": [-3, 9.6, -1.2], "size": [6, 1, 1], "pivot": [3, 8.9, -0.7], "rotation": [-22.5, 0, 0], "uv": [28, 23]}
					]
				},
				{
					"name": "e2",
					"parent": "engine",
					"pivot": [-0.8, 8.475, 4.325],
					"cubes": [
						{"origin": [1.8, 7.4, -0.2], "size": [1, 3, 4], "uv": [28, 11]},
						{"origin": [3.3, 8.3, 1.8], "size": [1, 1, 2], "uv": [84, 86]},
						{"origin": [2.3, 7.8, 1.8], "size": [1, 1, 1], "uv": [97, 50]},
						{"origin": [2.8, 7.8, 1.8], "size": [1, 1, 2], "uv": [71, 86]},
						{"origin": [1.1, 9.1, 3.8], "size": [1, 1, 4], "uv": [0, 41]},
						{"origin": [-2.6, 8.1, 3.8], "size": [1, 1, 12], "pivot": [-0.4, 9.1, 3.8], "rotation": [-7.5, 0, 0], "uv": [14, 13]},
						{"origin": [1.6, 8.1, 3.8], "size": [1, 1, 12], "pivot": [3.8, 9.1, 3.8], "rotation": [-7.5, 0, 0], "uv": [0, 12]},
						{"origin": [-2.7, 6.55, 15.5], "size": [1, 1, 1], "uv": [48, 97]},
						{"origin": [-2, 6.55, 15.5], "size": [4, 1, 1], "uv": [84, 58]},
						{"origin": [1.7, 6.55, 15.5], "size": [1, 1, 1], "uv": [97, 43]},
						{"origin": [1.6, 7.55, 15.5], "size": [1, 9, 1], "pivot": [3.8, 7.55, 16.5], "rotation": [15, 0, 0], "uv": [4, 25]},
						{"origin": [-2.6, 7.55, 15.5], "size": [1, 9, 1], "pivot": [3.8, 7.55, 16.5], "rotation": [15, 0, 0], "uv": [0, 25]},
						{"origin": [1.1, 9.1, 7.8], "size": [1, 1, 9], "pivot": [-0.2, 10.1, 7.8], "rotation": [-5, 0, 0], "uv": [0, 55]},
						{"origin": [1.1, 8.3, 7.8], "size": [1, 1, 9], "uv": [47, 49]},
						{"origin": [1.1, 8.3, 3.8], "size": [1, 1, 4], "uv": [0, 36]},
						{"origin": [-2.8, 7.4, -0.2], "size": [1, 3, 4], "uv": [0, 0]},
						{"origin": [-2, 7.4, -0.2], "size": [4, 3, 4], "uv": [54, 0]},
						{"origin": [-2, 6.7, -1.2], "size": [4, 4, 5], "uv": [17, 26]},
						{"origin": [-2, 8.0442, 4.19336], "size": [4, 1, 1], "pivot": [-1.8, 8.025, 5.2], "rotation": [44, 0, 0], "uv": [19, 84]},
						{"origin": [-2, 7.7, 2.8], "size": [4, 3, 1], "pivot": [-3.8, 10.7, 3.8], "rotation": [27.5, 0, 0], "uv": [0, 7]},
						{"origin": [-2, 8.0442, 3.29336], "size": [4, 1, 1], "pivot": [-1.8, 8.025, 5.2], "rotation": [44, 0, 0], "uv": [83, 38]},
						{"origin": [1.8, 8.4, 2.8], "size": [1, 2, 1], "pivot": [3, 10.4, 3.8], "rotation": [15, 0, 0], "uv": [69, 54]},
						{"origin": [-2.8, 8.4, 2.8], "size": [1, 2, 1], "pivot": [-1.6, 10.4, 3.8], "rotation": [15, 0, 0], "uv": [69, 49]},
						{"origin": [-2, 8.4, 2.8], "size": [4, 2, 1], "pivot": [-0.8, 10.4, 3.8], "rotation": [15, 0, 0], "uv": [41, 16]},
						{"origin": [1.8, 7.47029, 3.31612], "size": [1, 1, 1], "pivot": [3, 8.475, 4.325], "rotation": [-26, 0, 0], "uv": [97, 40]},
						{"origin": [-2.8, 7.47029, 3.31612], "size": [1, 1, 1], "pivot": [-1.6, 8.475, 4.325], "rotation": [-26, 0, 0], "uv": [97, 38]},
						{"origin": [-2, 7.47029, 3.31612], "size": [4, 1, 1], "pivot": [-0.8, 8.475, 4.325], "rotation": [-26, 0, 0], "uv": [41, 66]},
						{"origin": [1.8, 7.27029, 3.31612], "size": [1, 1, 1], "pivot": [3, 8.475, 4.325], "rotation": [-26, 0, 0], "uv": [97, 36]},
						{"origin": [-2.8, 7.27029, 3.31612], "size": [1, 1, 1], "pivot": [-1.6, 8.475, 4.325], "rotation": [-26, 0, 0], "uv": [97, 19]},
						{"origin": [-2, 7.27029, 3.31612], "size": [4, 1, 1], "pivot": [-0.8, 8.475, 4.325], "rotation": [-26, 0, 0], "uv": [43, 28]}
					]
				},
				{
					"name": "e3",
					"parent": "engine",
					"pivot": [0, 9.4, -0.4],
					"rotation": [32.5, 0, 0],
					"cubes": [
						{"origin": [-1.5, 10.4, -2.4], "size": [3, 1, 5], "uv": [41, 69]},
						{"origin": [-0.5, 10.4, 2.6], "size": [1, 1, 3], "pivot": [0, 10.4, 2.6], "rotation": [7.5, 0, 0], "uv": [19, 4]},
						{"origin": [-0.5, 10.40856, 2.46947], "size": [1, 1, 3], "pivot": [0, 11.4, 2.6], "rotation": [67.5, 0, 0], "uv": [19, 0]},
						{"origin": [-1.5, 10.9, -2.4], "size": [3, 1, 5], "uv": [10, 65]},
						{"origin": [-2, 11.9, -2.4], "size": [4, 1, 5], "uv": [28, 66]},
						{"origin": [-2, 12.4, -2.4], "size": [4, 1, 5], "uv": [66, 19]},
						{"origin": [-2, 13.05, -2.4], "size": [4, 1, 1], "uv": [41, 20]},
						{"origin": [-2, 12.4, -1.4], "size": [4, 1, 4], "pivot": [2, 13.4, 2.6], "rotation": [-9, 0, 0], "uv": [69, 49]},
						{"origin": [-2, 12.4, -1.5], "size": [4, 1, 1], "pivot": [2, 13.4, 2.6], "rotation": [-9, 0, 0], "uv": [14, 22]}
					]
				},
				{
					"name": "exhaust",
					"parent": "engine",
					"pivot": [0, -0.6, -1.2],
					"cubes": [
						{"origin": [-1, 5.4, -8.9], "size": [1, 3, 1], "pivot": [0, -0.6, -1.2], "rotation": [-32.5, 0, 0], "uv": [0, 0]},
						{"origin": [-1, 7.61389, -4.47365], "size": [1, 1, 1], "pivot": [0, 8.6, -4.5], "rotation": [5, 0, 0], "uv": [97, 9]},
						{"origin": [-1, 5.6188, -4.38612], "size": [1, 2, 1], "pivot": [0, 7.6, -4.4], "rotation": [5, 0, 40], "uv": [28, 68]},
						{"origin": [-2.27854, 4.07401, -4.21287], "size": [1, 2, 1], "pivot": [-1.275, 6.075, -4.4], "rotation": [40, 0, 40], "uv": [66, 19]},
						{"origin": [-3.19617, 0.8983, -2.99523], "size": [1, 4, 1], "pivot": [-2.175, 4.975, -3.1], "rotation": [74, -12.5, 40], "uv": [0, 12]},
						{"origin": [-3.19617, 0.5983, -2.99523], "size": [1, 1, 1], "pivot": [-2.175, 4.975, -3.1], "rotation": [74, -12.5, 40], "uv": [97, 7]}
					]
				},
				{
					"name": "exhaust2",
					"parent": "exhaust",
					"pivot": [-3, -4.1, 3.8],
					"rotation": [0, -90, 0],
					"cubes": [
						{"origin": [-4, 5.4, 3.8], "size": [13, 1, 1], "uv": [28, 53]},
						{"origin": [-4, 5.4, 3.8], "size": [13, 1, 1], "pivot": [0, 5.4, 4.3], "rotation": [22.5, 0, 0], "uv": [53, 17]},
						{"origin": [-4, 5.4, 3.8], "size": [13, 1, 1], "pivot": [0, 5.4, 4.3], "rotation": [45, 0, 0], "uv": [53, 15]},
						{"origin": [-4, 5.4, 3.8], "size": [13, 1, 1], "pivot": [0, 5.4, 4.3], "rotation": [67.5, 0, 0], "uv": [53, 13]},
						{"origin": [-4, 5.4, 3.8], "size": [13, 1, 1], "pivot": [0, 5.4, 4.3], "rotation": [90, 0, 0], "uv": [53, 11]},
						{"origin": [-4, 5.4, 3.8], "size": [13, 1, 1], "pivot": [0, 5.4, 4.3], "rotation": [112.5, 0, 0], "uv": [53, 9]},
						{"origin": [-4, 5.4, 3.8], "size": [13, 1, 1], "pivot": [0, 5.4, 4.3], "rotation": [135, 0, 0], "uv": [0, 53]},
						{"origin": [-4, 5.4, 3.8], "size": [13, 1, 1], "pivot": [0, 5.4, 4.3], "rotation": [157.5, 0, 0], "uv": [51, 47]},
						{"origin": [-4, 5.4, 3.8], "size": [13, 1, 1], "pivot": [0, 5.4, 4.3], "rotation": [180, 0, 0], "uv": [28, 51]},
						{"origin": [-4, 5.4, 3.8], "size": [13, 1, 1], "pivot": [0, 5.4, 4.3], "rotation": [-157.5, 0, 0], "uv": [0, 51]},
						{"origin": [-4, 5.4, 3.8], "size": [13, 1, 1], "pivot": [0, 5.4, 4.3], "rotation": [-135, 0, 0], "uv": [28, 49]},
						{"origin": [-4, 5.4, 3.8], "size": [13, 1, 1], "pivot": [0, 5.4, 4.3], "rotation": [-112.5, 0, 0], "uv": [0, 49]},
						{"origin": [-4, 5.4, 3.8], "size": [13, 1, 1], "pivot": [0, 5.4, 4.3], "rotation": [-90, 0, 0], "uv": [23, 47]},
						{"origin": [-4, 5.4, 3.8], "size": [13, 1, 1], "pivot": [0, 5.4, 4.3], "rotation": [-67.5, 0, 0], "uv": [36, 45]},
						{"origin": [-4, 5.4, 3.8], "size": [13, 1, 1], "pivot": [0, 5.4, 4.3], "rotation": [-45, 0, 0], "uv": [43, 33]},
						{"origin": [-4, 5.4, 3.8], "size": [13, 1, 1], "pivot": [0, 5.4, 4.3], "rotation": [-22.5, 0, 0], "uv": [43, 31]}
					]
				},
				{
					"name": "exhaust3",
					"parent": "exhaust",
					"pivot": [-3, -4.1, 1.8],
					"rotation": [0, -90, 0],
					"cubes": [
						{"origin": [-4, 5, 1.8], "size": [3, 1, 1], "uv": [85, 45]},
						{"origin": [-4, 5, 1.8], "size": [3, 1, 1], "pivot": [0, 5.4, 2.3], "rotation": [22.5, 0, 0], "uv": [85, 43]},
						{"origin": [-4, 5, 1.8], "size": [3, 1, 1], "pivot": [0, 5.4, 2.3], "rotation": [45, 0, 0], "uv": [85, 41]},
						{"origin": [-4, 5, 1.8], "size": [3, 1, 1], "pivot": [0, 5.4, 2.3], "rotation": [67.5, 0, 0], "uv": [40, 85]},
						{"origin": [-4, 5, 1.8], "size": [3, 1, 1], "pivot": [0, 5.4, 2.3], "rotation": [90, 0, 0], "uv": [28, 85]},
						{"origin": [-4, 5, 1.8], "size": [3, 1, 1], "pivot": [0, 5.4, 2.3], "rotation": [112.5, 0, 0], "uv": [73, 84]},
						{"origin": [-4, 5, 1.8], "size": [3, 1, 1], "pivot": [0, 5.4, 2.3], "rotation": [135, 0, 0], "uv": [49, 84]},
						{"origin": [-4, 5, 1.8], "size": [3, 1, 1], "pivot": [0, 5.4, 2.3], "rotation": [157.5, 0, 0], "uv": [28, 81]},
						{"origin": [-4, 5, 1.8], "size": [3, 1, 1], "pivot": [0, 5.4, 2.3], "rotation": [180, 0, 0], "uv": [28, 79]},
						{"origin": [-4, 5, 1.8], "size": [3, 1, 1], "pivot": [0, 5.4, 2.3], "rotation": [-157.5, 0, 0], "uv": [6, 78]},
						{"origin": [-4, 5, 1.8], "size": [3, 1, 1], "pivot": [0, 5.4, 2.3], "rotation": [-135, 0, 0], "uv": [46, 77]},
						{"origin": [-4, 5, 1.8], "size": [3, 1, 1], "pivot": [0, 5.4, 2.3], "rotation": [-112.5, 0, 0], "uv": [6, 76]},
						{"origin": [-4, 5, 1.8], "size": [3, 1, 1], "pivot": [0, 5.4, 2.3], "rotation": [-90, 0, 0], "uv": [0, 71]},
						{"origin": [-4, 5, 1.8], "size": [3, 1, 1], "pivot": [0, 5.4, 2.3], "rotation": [-67.5, 0, 0], "uv": [65, 29]},
						{"origin": [-4, 5, 1.8], "size": [3, 1, 1], "pivot": [0, 5.4, 2.3], "rotation": [-45, 0, 0], "uv": [0, 62]},
						{"origin": [-4, 5, 1.8], "size": [3, 1, 1], "pivot": [0, 5.4, 2.3], "rotation": [-22.5, 0, 0], "uv": [61, 42]}
					]
				},
				{
					"name": "exhaust4",
					"parent": "exhaust",
					"pivot": [-3, -4.1, 13.9],
					"rotation": [0, -90, 0],
					"cubes": [
						{"origin": [-4, 5, 13.9], "size": [3, 1, 1], "uv": [85, 45]},
						{"origin": [-4, 5, 13.9], "size": [3, 1, 1], "pivot": [0, 5.4, 14.4], "rotation": [22.5, 0, 0], "uv": [85, 43]},
						{"origin": [-4, 5, 13.9], "size": [3, 1, 1], "pivot": [0, 5.4, 14.4], "rotation": [45, 0, 0], "uv": [85, 41]},
						{"origin": [-4, 5, 13.9], "size": [3, 1, 1], "pivot": [0, 5.4, 14.4], "rotation": [67.5, 0, 0], "uv": [40, 85]},
						{"origin": [-4, 5, 13.9], "size": [3, 1, 1], "pivot": [0, 5.4, 14.4], "rotation": [90, 0, 0], "uv": [28, 85]},
						{"origin": [-4, 5, 13.9], "size": [3, 1, 1], "pivot": [0, 5.4, 14.4], "rotation": [112.5, 0, 0], "uv": [73, 84]},
						{"origin": [-4, 5, 13.9], "size": [3, 1, 1], "pivot": [0, 5.4, 14.4], "rotation": [135, 0, 0], "uv": [49, 84]},
						{"origin": [-4, 5, 13.9], "size": [3, 1, 1], "pivot": [0, 5.4, 14.4], "rotation": [157.5, 0, 0], "uv": [28, 81]},
						{"origin": [-4, 5, 13.9], "size": [3, 1, 1], "pivot": [0, 5.4, 14.4], "rotation": [180, 0, 0], "uv": [28, 79]},
						{"origin": [-4, 5, 13.9], "size": [3, 1, 1], "pivot": [0, 5.4, 14.4], "rotation": [-157.5, 0, 0], "uv": [6, 78]},
						{"origin": [-4, 5, 13.9], "size": [3, 1, 1], "pivot": [0, 5.4, 14.4], "rotation": [-135, 0, 0], "uv": [46, 77]},
						{"origin": [-4, 5, 13.9], "size": [3, 1, 1], "pivot": [0, 5.4, 14.4], "rotation": [-112.5, 0, 0], "uv": [6, 76]},
						{"origin": [-4, 5, 13.9], "size": [3, 1, 1], "pivot": [0, 5.4, 14.4], "rotation": [-90, 0, 0], "uv": [0, 71]},
						{"origin": [-4, 5, 13.9], "size": [3, 1, 1], "pivot": [0, 5.4, 14.4], "rotation": [-67.5, 0, 0], "uv": [65, 29]},
						{"origin": [-4, 5, 13.9], "size": [3, 1, 1], "pivot": [0, 5.4, 14.4], "rotation": [-45, 0, 0], "uv": [0, 62]},
						{"origin": [-4, 5, 13.9], "size": [3, 1, 1], "pivot": [0, 5.4, 14.4], "rotation": [-22.5, 0, 0], "uv": [61, 42]}
					]
				},
				{
					"name": "suspensionright1",
					"parent": "engine",
					"pivot": [7.4, 10.9, 14.6],
					"rotation": [0, 15, -90],
					"cubes": [
						{"origin": [8.4, 20.1, 14.6], "size": [2, 1, 1], "pivot": [10.4, 20.4, 15.1], "rotation": [-90, 0, 0], "uv": [79, 94]},
						{"origin": [8.4, 20.1, 14.6], "size": [2, 1, 1], "pivot": [10.4, 20.4, 15.1], "rotation": [-22.5, 0, 0], "uv": [73, 94]},
						{"origin": [8.4, 20.1, 14.6], "size": [2, 1, 1], "pivot": [10.4, 20.4, 15.1], "rotation": [-45, 0, 0], "uv": [67, 94]},
						{"origin": [8.4, 20.1, 14.6], "size": [2, 1, 1], "pivot": [10.4, 20.4, 15.1], "rotation": [-67.5, 0, 0], "uv": [94, 65]},
						{"origin": [8.4, 20.1, 14.6], "size": [2, 1, 1], "pivot": [10.4, 20.4, 15.1], "rotation": [-112.5, 0, 0], "uv": [94, 62]},
						{"origin": [8.4, 20.1, 14.6], "size": [2, 1, 1], "pivot": [10.4, 20.4, 15.1], "rotation": [-135, 0, 0], "uv": [61, 94]},
						{"origin": [8.4, 20.1, 14.6], "size": [2, 1, 1], "pivot": [10.4, 20.4, 15.1], "rotation": [-157.5, 0, 0], "uv": [94, 58]},
						{"origin": [8.4, 20.1, 14.6], "size": [2, 1, 1], "pivot": [10.4, 20.4, 15.1], "rotation": [180, 0, 0], "uv": [94, 46]},
						{"origin": [8.4, 20.1, 14.6], "size": [2, 1, 1], "pivot": [10.4, 20.4, 15.1], "rotation": [157.5, 0, 0], "uv": [44, 94]},
						{"origin": [8.4, 20.1, 14.6], "size": [2, 1, 1], "pivot": [10.4, 20.4, 15.1], "rotation": [135, 0, 0], "uv": [94, 34]},
						{"origin": [8.4, 20.1, 14.6], "size": [2, 1, 1], "pivot": [10.4, 20.4, 15.1], "rotation": [112.5, 0, 0], "uv": [33, 94]},
						{"origin": [8.4, 20.1, 14.6], "size": [2, 1, 1], "pivot": [10.4, 20.4, 15.1], "rotation": [90, 0, 0], "uv": [27, 94]},
						{"origin": [8.4, 20.1, 14.6], "size": [2, 1, 1], "pivot": [10.4, 20.4, 15.1], "rotation": [67.5, 0, 0], "uv": [94, 26]},
						{"origin": [8.4, 20.1, 14.6], "size": [2, 1, 1], "pivot": [10.4, 20.4, 15.1], "rotation": [45, 0, 0], "uv": [21, 94]},
						{"origin": [8.4, 20.1, 14.6], "size": [2, 1, 1], "pivot": [10.4, 20.4, 15.1], "rotation": [22.5, 0, 0], "uv": [94, 17]},
						{"origin": [8.4, 20.1, 14.6], "size": [2, 1, 1], "uv": [94, 15]}
					]
				},
				{
					"name": "suspensionright2",
					"parent": "engine",
					"pivot": [7.4, 10.9, 14.6],
					"rotation": [0, 15, -90],
					"cubes": [
						{"origin": [6.4, 20, 14.6], "size": [2, 1, 1], "pivot": [10.4, 20.4, 15.1], "rotation": [-90, 0, 0], "uv": [15, 94]},
						{"origin": [6.4, 20, 14.6], "size": [2, 1, 1], "pivot": [10.4, 20.4, 15.1], "rotation": [-22.5, 0, 0], "uv": [94, 5]},
						{"origin": [6.4, 20, 14.6], "size": [2, 1, 1], "pivot": [10.4, 20.4, 15.1], "rotation": [-45, 0, 0], "uv": [5, 94]},
						{"origin": [6.4, 20, 14.6], "size": [2, 1, 1], "pivot": [10.4, 20.4, 15.1], "rotation": [-67.5, 0, 0], "uv": [92, 93]},
						{"origin": [6.4, 20, 14.6], "size": [2, 1, 1], "pivot": [10.4, 20.4, 15.1], "rotation": [-112.5, 0, 0], "uv": [86, 93]},
						{"origin": [6.4, 20, 14.6], "size": [2, 1, 1], "pivot": [10.4, 20.4, 15.1], "rotation": [-135, 0, 0], "uv": [93, 84]},
						{"origin": [6.4, 20, 14.6], "size": [2, 1, 1], "pivot": [10.4, 20.4, 15.1], "rotation": [-157.5, 0, 0], "uv": [93, 71]},
						{"origin": [6.4, 20, 14.6], "size": [2, 1, 1], "pivot": [10.4, 20.4, 15.1], "rotation": [180, 0, 0], "uv": [93, 69]},
						{"origin": [6.4, 20, 14.6], "size": [2, 1, 1], "pivot": [10.4, 20.4, 15.1], "rotation": [157.5, 0, 0], "uv": [56, 93]},
						{"origin": [6.4, 20, 14.6], "size": [2, 1, 1], "pivot": [10.4, 20.4, 15.1], "rotation": [135, 0, 0], "uv": [50, 93]},
						{"origin": [6.4, 20, 14.6], "size": [2, 1, 1], "pivot": [10.4, 20.4, 15.1], "rotation": [112.5, 0, 0], "uv": [39, 93]},
						{"origin": [6.4, 20, 14.6], "size": [2, 1, 1], "pivot": [10.4, 20.4, 15.1], "rotation": [90, 0, 0], "uv": [10, 93]},
						{"origin": [6.4, 20, 14.6], "size": [2, 1, 1], "pivot": [10.4, 20.4, 15.1], "rotation": [67.5, 0, 0], "uv": [93, 2]},
						{"origin": [6.4, 20, 14.6], "size": [2, 1, 1], "pivot": [10.4, 20.4, 15.1], "rotation": [45, 0, 0], "uv": [0, 93]},
						{"origin": [6.4, 20, 14.6], "size": [2, 1, 1], "pivot": [10.4, 20.4, 15.1], "rotation": [22.5, 0, 0], "uv": [81, 92]},
						{"origin": [6.4, 20, 14.6], "size": [2, 1, 1], "uv": [75, 92]}
					]
				},
				{
					"name": "suspensionleft1",
					"parent": "engine",
					"pivot": [11.6, 10.9, 14.6],
					"rotation": [0, 15, -90],
					"cubes": [
						{"origin": [12.6, 20.1, 14.6], "size": [2, 1, 1], "pivot": [14.6, 20.4, 15.1], "rotation": [-90, 0, 0], "uv": [69, 92]},
						{"origin": [12.6, 20.1, 14.6], "size": [2, 1, 1], "pivot": [14.6, 20.4, 15.1], "rotation": [-22.5, 0, 0], "uv": [63, 92]},
						{"origin": [12.6, 20.1, 14.6], "size": [2, 1, 1], "pivot": [14.6, 20.4, 15.1], "rotation": [-45, 0, 0], "uv": [92, 51]},
						{"origin": [12.6, 20.1, 14.6], "size": [2, 1, 1], "pivot": [14.6, 20.4, 15.1], "rotation": [-67.5, 0, 0], "uv": [45, 92]},
						{"origin": [12.6, 20.1, 14.6], "size": [2, 1, 1], "pivot": [14.6, 20.4, 15.1], "rotation": [-112.5, 0, 0], "uv": [92, 44]},
						{"origin": [12.6, 20.1, 14.6], "size": [2, 1, 1], "pivot": [14.6, 20.4, 15.1], "rotation": [-135, 0, 0], "uv": [92, 42]},
						{"origin": [12.6, 20.1, 14.6], "size": [2, 1, 1], "pivot": [14.6, 20.4, 15.1], "rotation": [-157.5, 0, 0], "uv": [92, 39]},
						{"origin": [12.6, 20.1, 14.6], "size": [2, 1, 1], "pivot": [14.6, 20.4, 15.1], "rotation": [180, 0, 0], "uv": [92, 37]},
						{"origin": [12.6, 20.1, 14.6], "size": [2, 1, 1], "pivot": [14.6, 20.4, 15.1], "rotation": [157.5, 0, 0], "uv": [34, 92]},
						{"origin": [12.6, 20.1, 14.6], "size": [2, 1, 1], "pivot": [14.6, 20.4, 15.1], "rotation": [135, 0, 0], "uv": [28, 92]},
						{"origin": [12.6, 20.1, 14.6], "size": [2, 1, 1], "pivot": [14.6, 20.4, 15.1], "rotation": [112.5, 0, 0], "uv": [92, 24]},
						{"origin": [12.6, 20.1, 14.6], "size": [2, 1, 1], "pivot": [14.6, 20.4, 15.1], "rotation": [90, 0, 0], "uv": [22, 92]},
						{"origin": [12.6, 20.1, 14.6], "size": [2, 1, 1], "pivot": [14.6, 20.4, 15.1], "rotation": [67.5, 0, 0], "uv": [92, 20]},
						{"origin": [12.6, 20.1, 14.6], "size": [2, 1, 1], "pivot": [14.6, 20.4, 15.1], "rotation": [45, 0, 0], "uv": [16, 92]},
						{"origin": [12.6, 20.1, 14.6], "size": [2, 1, 1], "pivot": [14.6, 20.4, 15.1], "rotation": [22.5, 0, 0], "uv": [92, 8]},
						{"origin": [12.6, 20.1, 14.6], "size": [2, 1, 1], "uv": [5, 92]}
					]
				},
				{
					"name": "suspensionleft2",
					"parent": "engine",
					"pivot": [11.6, 10.9, 14.6],
					"rotation": [0, 15, -90],
					"cubes": [
						{"origin": [10.6, 20, 14.6], "size": [2, 1, 1], "pivot": [14.6, 20.4, 15.1], "rotation": [-90, 0, 0], "uv": [92, 0]},
						{"origin": [10.6, 20, 14.6], "size": [2, 1, 1], "pivot": [14.6, 20.4, 15.1], "rotation": [-22.5, 0, 0], "uv": [91, 91]},
						{"origin": [10.6, 20, 14.6], "size": [2, 1, 1], "pivot": [14.6, 20.4, 15.1], "rotation": [-45, 0, 0], "uv": [91, 88]},
						{"origin": [10.6, 20, 14.6], "size": [2, 1, 1], "pivot": [14.6, 20.4, 15.1], "rotation": [-67.5, 0, 0], "uv": [91, 79]},
						{"origin": [10.6, 20, 14.6], "size": [2, 1, 1], "pivot": [14.6, 20.4, 15.1], "rotation": [-112.5, 0, 0], "uv": [58, 91]},
						{"origin": [10.6, 20, 14.6], "size": [2, 1, 1], "pivot": [14.6, 20.4, 15.1], "rotation": [-135, 0, 0], "uv": [91, 54]},
						{"origin": [10.6, 20, 14.6], "size": [2, 1, 1], "pivot": [14.6, 20.4, 15.1], "rotation": [-157.5, 0, 0], "uv": [52, 91]},
						{"origin": [10.6, 20, 14.6], "size": [2, 1, 1], "pivot": [14.6, 20.4, 15.1], "rotation": [180, 0, 0], "uv": [91, 49]},
						{"origin": [10.6, 20, 14.6], "size": [2, 1, 1], "pivot": [14.6, 20.4, 15.1], "rotation": [157.5, 0, 0], "uv": [40, 91]},
						{"origin": [10.6, 20, 14.6], "size": [2, 1, 1], "pivot": [14.6, 20.4, 15.1], "rotation": [135, 0, 0], "uv": [91, 31]},
						{"origin": [10.6, 20, 14.6], "size": [2, 1, 1], "pivot": [14.6, 20.4, 15.1], "rotation": [112.5, 0, 0], "uv": [91, 22]},
						{"origin": [10.6, 20, 14.6], "size": [2, 1, 1], "pivot": [14.6, 20.4, 15.1], "rotation": [90, 0, 0], "uv": [91, 12]},
						{"origin": [10.6, 20, 14.6], "size": [2, 1, 1], "pivot": [14.6, 20.4, 15.1], "rotation": [67.5, 0, 0], "uv": [11, 91]},
						{"origin": [10.6, 20, 14.6], "size": [2, 1, 1], "pivot": [14.6, 20.4, 15.1], "rotation": [45, 0, 0], "uv": [91, 10]},
						{"origin": [10.6, 20, 14.6], "size": [2, 1, 1], "pivot": [14.6, 20.4, 15.1], "rotation": [22.5, 0, 0], "uv": [90, 77]},
						{"origin": [10.6, 20, 14.6], "size": [2, 1, 1], "uv": [90, 74]}
					]
				},
				{
					"name": "backwheel",
					"parent": "rx115",
					"pivot": [0, 7, 16]
				},
				{
					"name": "bt",
					"parent": "backwheel",
					"pivot": [-0.5, 7, -15],
					"cubes": [
						{"origin": [-1, 5.60761, 9], "size": [2, 2.78477, 1.5], "pivot": [-0.5, 7, 16], "rotation": [45, 0, 0], "uv": [47, 86]},
						{"origin": [-1, 5.60761, 9], "size": [2, 2.78477, 1.5], "pivot": [-0.5, 7, 16], "rotation": [22.5, 0, 0], "uv": [86, 20]},
						{"origin": [-1, 5.60761, 9], "size": [2, 2.78477, 1.5], "uv": [19, 86]},
						{"origin": [-1, 5.60761, 9], "size": [2, 2.78477, 1.5], "pivot": [-0.5, 7, 16], "rotation": [-22.5, 0, 0], "uv": [86, 8]},
						{"origin": [-1, 5.60761, 9], "size": [2, 2.78477, 1.5], "pivot": [-0.5, 7, 16], "rotation": [-45, 0, 0], "uv": [80, 85]},
						{"origin": [-1, 5.60761, 21.5], "size": [2, 2.78477, 1.5], "pivot": [-0.5, 7, 16], "rotation": [45, 0, 0], "uv": [85, 75]},
						{"origin": [-1, 5.60761, 21.5], "size": [2, 2.78477, 1.5], "pivot": [-0.5, 7, 16], "rotation": [22.5, 0, 0], "uv": [62, 85]},
						{"origin": [-1, 5.60761, 21.5], "size": [2, 2.78477, 1.5], "uv": [56, 85]},
						{"origin": [-1, 5.60761, 21.5], "size": [2, 2.78477, 1.5], "pivot": [-0.5, 7, 16], "rotation": [-22.5, 0, 0], "uv": [62, 76]},
						{"origin": [-1, 5.60761, 21.5], "size": [2, 2.78477, 1.5], "pivot": [-0.5, 7, 16], "rotation": [-45, 0, 0], "uv": [30, 74]},
						{"origin": [-1, 0, 14.60761], "size": [2, 1.5, 2.78477], "pivot": [-0.5, 7, 16], "rotation": [22.5, 0, 0], "uv": [0, 59]},
						{"origin": [-1, 0, 14.60761], "size": [2, 1.5, 2.78477], "uv": [58, 55]},
						{"origin": [-1, 0, 14.60761], "size": [2, 1.5, 2.78477], "pivot": [-0.5, 7, 16], "rotation": [-22.5, 0, 0], "uv": [58, 52]},
						{"origin": [-1, 12.5, 14.60761], "size": [2, 1.5, 2.78477], "pivot": [-0.5, 7, 16], "rotation": [22.5, 0, 0], "uv": [58, 49]},
						{"origin": [-1, 12.5, 14.60761], "size": [2, 1.5, 2.78477], "uv": [31, 58]},
						{"origin": [-1, 12.5, 14.60761], "size": [2, 1.5, 2.78477], "pivot": [-0.5, 7, 16], "rotation": [-22.5, 0, 0], "uv": [31, 55]}
					]
				},
				{
					"name": "br",
					"parent": "backwheel",
					"pivot": [0, 7, -15],
					"cubes": [
						{"origin": [-0.5, 5.80653, 10], "size": [1, 2.38695, 1], "pivot": [0, 7, 16], "rotation": [45, 0, 0], "uv": [66, 0]},
						{"origin": [-0.5, 5.80653, 10], "size": [1, 2.38695, 1], "pivot": [0, 7, 16], "rotation": [22.5, 0, 0], "uv": [28, 65]},
						{"origin": [-0.5, 5.80653, 10], "size": [1, 2.38695, 1], "uv": [21, 65]},
						{"origin": [-0.5, 5.80653, 10], "size": [1, 2.38695, 1], "pivot": [0, 7, 16], "rotation": [-22.5, 0, 0], "uv": [60, 24]},
						{"origin": [-0.5, 5.80653, 10], "size": [1, 2.38695, 1], "pivot": [0, 7, 16], "rotation": [-45, 0, 0], "uv": [60, 20]},
						{"origin": [-0.5, 5.80653, 21], "size": [1, 2.38695, 1], "pivot": [0, 7, 16], "rotation": [45, 0, 0], "uv": [46, 59]},
						{"origin": [-0.5, 5.80653, 21], "size": [1, 2.38695, 1], "pivot": [0, 7, 16], "rotation": [22.5, 0, 0], "uv": [5, 55]},
						{"origin": [-0.5, 5.80653, 21], "size": [1, 2.38695, 1], "uv": [28, 12]},
						{"origin": [-0.5, 5.80653, 21], "size": [1, 2.38695, 1], "pivot": [0, 7, 16], "rotation": [-22.5, 0, 0], "uv": [24, 4]},
						{"origin": [-0.5, 5.80653, 21], "size": [1, 2.38695, 1], "pivot": [0, 7, 16], "rotation": [-45, 0, 0], "uv": [24, 0]},
						{"origin": [-0.5, 1, 14.80653], "size": [1, 1, 2.38695], "pivot": [0, 7, 16], "rotation": [22.5, 0, 0], "uv": [64, 38]},
						{"origin": [-0.5, 1, 14.80653], "size": [1, 1, 2.38695], "uv": [64, 35]},
						{"origin": [-0.5, 1, 14.80653], "size": [1, 1, 2.38695], "pivot": [0, 7, 16], "rotation": [-22.5, 0, 0], "uv": [44, 62]},
						{"origin": [-0.5, 12, 14.80653], "size": [1, 1, 2.38695], "pivot": [0, 7, 16], "rotation": [22.5, 0, 0], "uv": [54, 38]},
						{"origin": [-0.5, 12, 14.80653], "size": [1, 1, 2.38695], "uv": [54, 35]},
						{"origin": [-0.5, 12, 14.80653], "size": [1, 1, 2.38695], "pivot": [0, 7, 16], "rotation": [-22.5, 0, 0], "uv": [40, 23]}
					]
				},
				{
					"name": "bd",
					"parent": "backwheel",
					"pivot": [-1, -0.6, -1.2],
					"cubes": [
						{"origin": [-1, 7.9, 15.5], "size": [2, 1, 1], "uv": [73, 90]},
						{"origin": [-1, 7.9, 15.5], "size": [2, 1, 1], "pivot": [0, 7, 16], "rotation": [22.5, 0, 0], "uv": [90, 56]},
						{"origin": [-1, 7.9, 15.5], "size": [2, 1, 1], "pivot": [0, 7, 16], "rotation": [45, 0, 0], "uv": [47, 90]},
						{"origin": [-1, 7.9, 15.5], "size": [2, 1, 1], "pivot": [0, 7, 16], "rotation": [67.5, 0, 0], "uv": [35, 90]},
						{"origin": [-1, 7.9, 15.5], "size": [2, 1, 1], "pivot": [0, 7, 16], "rotation": [90, 0, 0], "uv": [90, 29]},
						{"origin": [-1, 7.9, 15.5], "size": [2, 1, 1], "pivot": [0, 7, 16], "rotation": [112.5, 0, 0], "uv": [29, 90]},
						{"origin": [-1, 7.9, 15.5], "size": [2, 1, 1], "pivot": [0, 7, 16], "rotation": [135, 0, 0], "uv": [23, 90]},
						{"origin": [-1, 7.9, 15.5], "size": [2, 1, 1], "pivot": [0, 7, 16], "rotation": [157.5, 0, 0], "uv": [6, 90]},
						{"origin": [-1, 7.9, 15.5], "size": [2, 1, 1], "pivot": [0, 7, 16], "rotation": [180, 0, 0], "uv": [89, 82]},
						{"origin": [-1, 7.9, 15.5], "size": [2, 1, 1], "pivot": [0, 7, 16], "rotation": [-157.5, 0, 0], "uv": [89, 47]},
						{"origin": [-1, 7.9, 15.5], "size": [2, 1, 1], "pivot": [0, 7, 16], "rotation": [-135, 0, 0], "uv": [89, 27]},
						{"origin": [-1, 7.9, 15.5], "size": [2, 1, 1], "pivot": [0, 7, 16], "rotation": [-112.5, 0, 0], "uv": [89, 18]},
						{"origin": [-1, 7.9, 15.5], "size": [2, 1, 1], "pivot": [0, 7, 16], "rotation": [-90, 0, 0], "uv": [88, 6]},
						{"origin": [-1, 7.9, 15.5], "size": [2, 1, 1], "pivot": [0, 7, 16], "rotation": [-67.5, 0, 0], "uv": [86, 11]},
						{"origin": [-1, 7.9, 15.5], "size": [2, 1, 1], "pivot": [0, 7, 16], "rotation": [-45, 0, 0], "uv": [62, 79]},
						{"origin": [-1, 7.9, 15.5], "size": [2, 1, 1], "pivot": [0, 7, 16], "rotation": [-22.5, 0, 0], "uv": [22, 76]}
					]
				},
				{
					"name": "fb2",
					"parent": "backwheel",
					"pivot": [-1, 7, -15],
					"cubes": [
						{"origin": [-1.5, 6.48283, 13.4], "size": [1, 1.03434, 1], "pivot": [-1, 7, 16], "rotation": [45, 0, 0], "uv": [27, 87]},
						{"origin": [-1.5, 6.48283, 13.4], "size": [1, 1.03434, 1], "pivot": [-1, 7, 16], "rotation": [22.5, 0, 0], "uv": [10, 87]},
						{"origin": [-1.5, 6.48283, 13.4], "size": [1, 1.03434, 1], "uv": [4, 87]},
						{"origin": [-1.5, 6.48283, 13.4], "size": [1, 1.03434, 1], "pivot": [-1, 7, 16], "rotation": [-22.5, 0, 0], "uv": [86, 23]},
						{"origin": [-1.5, 6.48283, 13.4], "size": [1, 1.03434, 1], "pivot": [-1, 7, 16], "rotation": [-45, 0, 0], "uv": [86, 0]},
						{"origin": [-1.5, 6.48283, 17.6], "size": [1, 1.03434, 1], "pivot": [-1, 7, 16], "rotation": [45, 0, 0], "uv": [85, 78]},
						{"origin": [-1.5, 6.48283, 17.6], "size": [1, 1.03434, 1], "pivot": [-1, 7, 16], "rotation": [22.5, 0, 0], "uv": [31, 83]},
						{"origin": [-1.5, 6.48283, 17.6], "size": [1, 1.03434, 1], "uv": [18, 82]},
						{"origin": [-1.5, 6.48283, 17.6], "size": [1, 1.03434, 1], "pivot": [-1, 7, 16], "rotation": [-22.5, 0, 0], "uv": [80, 10]},
						{"origin": [-1.5, 6.48283, 17.6], "size": [1, 1.03434, 1], "pivot": [-1, 7, 16], "rotation": [-45, 0, 0], "uv": [80, 8]},
						{"origin": [-1.5, 4.4, 15.48283], "size": [1, 1, 1.03434], "pivot": [-1, 7, 16], "rotation": [22.5, 0, 0], "uv": [46, 79]},
						{"origin": [-1.5, 4.4, 15.48283], "size": [1, 1, 1.03434], "uv": [22, 79]},
						{"origin": [-1.5, 4.4, 15.48283], "size": [1, 1, 1.03434], "pivot": [-1, 7, 16], "rotation": [-22.5, 0, 0], "uv": [41, 69]},
						{"origin": [-1.5, 8.6, 15.48283], "size": [1, 1, 1.03434], "pivot": [-1, 7, 16], "rotation": [22.5, 0, 0], "uv": [21, 68]},
						{"origin": [-1.5, 8.6, 15.48283], "size": [1, 1, 1.03434], "uv": [53, 66]},
						{"origin": [-1.5, 8.6, 15.48283], "size": [1, 1, 1.03434], "pivot": [-1, 7, 16], "rotation": [-22.5, 0, 0], "uv": [66, 22]}
					]
				},
				{
					"name": "ba",
					"parent": "backwheel",
					"pivot": [0, 7, -15]
				},
				{
					"name": "am9",
					"parent": "ba",
					"pivot": [0, 7, -15]
				},
				{
					"name": "a17",
					"parent": "am9",
					"pivot": [-0.25, 7, -14.7],
					"cubes": [
						{"origin": [-0.25, 8, 14.5], "size": [1, 4, 1], "uv": [47, 9]},
						{"origin": [-0.75, 8, 15.3], "size": [1, 4, 1], "uv": [30, 26]}
					]
				},
				{
					"name": "a18",
					"parent": "am9",
					"pivot": [-0.25, 7, -13.6],
					"cubes": [
						{"origin": [-0.75, 8, 16.4], "size": [1, 4, 1], "uv": [17, 26]},
						{"origin": [-0.25, 8, 15.6], "size": [1, 4, 1], "uv": [21, 12]}
					]
				},
				{
					"name": "am10",
					"parent": "ba",
					"pivot": [0, 7, -15],
					"rotation": [45, 0, 0]
				},
				{
					"name": "a19",
					"parent": "am10",
					"pivot": [-0.25, 7, -14.7],
					"cubes": [
						{"origin": [-0.25, -13.92031, 5.42031], "size": [1, 4, 1], "uv": [47, 9]},
						{"origin": [-0.75, -13.92031, 6.22031], "size": [1, 4, 1], "uv": [30, 26]}
					]
				},
				{
					"name": "a20",
					"parent": "am10",
					"pivot": [-0.25, 7, -13.6],
					"cubes": [
						{"origin": [-0.75, -13.92031, 7.32031], "size": [1, 4, 1], "uv": [17, 26]},
						{"origin": [-0.25, -13.92031, 6.52031], "size": [1, 4, 1], "uv": [21, 12]}
					]
				},
				{
					"name": "am11",
					"parent": "ba",
					"pivot": [0, 7, -15],
					"rotation": [90, 0, 0]
				},
				{
					"name": "a21",
					"parent": "am11",
					"pivot": [-0.25, 7, -14.7],
					"cubes": [
						{"origin": [-0.25, -23, -16.5], "size": [1, 4, 1], "uv": [47, 9]},
						{"origin": [-0.75, -23, -15.7], "size": [1, 4, 1], "uv": [30, 26]}
					]
				},
				{
					"name": "a22",
					"parent": "am11",
					"pivot": [-0.25, 7, -13.6],
					"cubes": [
						{"origin": [-0.75, -23, -14.6], "size": [1, 4, 1], "uv": [17, 26]},
						{"origin": [-0.25, -23, -15.4], "size": [1, 4, 1], "uv": [21, 12]}
					]
				},
				{
					"name": "am12",
					"parent": "ba",
					"pivot": [0, 7, -15],
					"rotation": [135, 0, 0]
				},
				{
					"name": "a23",
					"parent": "am12",
					"pivot": [-0.25, 7, -14.7],
					"cubes": [
						{"origin": [-0.25, -13.92031, -38.42031], "size": [1, 4, 1], "uv": [47, 9]},
						{"origin": [-0.75, -13.92031, -37.62031], "size": [1, 4, 1], "uv": [30, 26]}
					]
				},
				{
					"name": "a24",
					"parent": "am12",
					"pivot": [-0.25, 7, -13.6],
					"cubes": [
						{"origin": [-0.75, -13.92031, -36.52031], "size": [1, 4, 1], "uv": [17, 26]},
						{"origin": [-0.25, -13.92031, -37.32031], "size": [1, 4, 1], "uv": [21, 12]}
					]
				},
				{
					"name": "am13",
					"parent": "ba",
					"pivot": [0, 7, -15],
					"rotation": [180, 0, 0]
				},
				{
					"name": "a25",
					"parent": "am13",
					"pivot": [-0.25, 7, -14.7],
					"cubes": [
						{"origin": [-0.25, 8, -47.5], "size": [1, 4, 1], "uv": [47, 9]},
						{"origin": [-0.75, 8, -46.7], "size": [1, 4, 1], "uv": [30, 26]}
					]
				},
				{
					"name": "a26",
					"parent": "am13",
					"pivot": [-0.25, 7, -13.6],
					"cubes": [
						{"origin": [-0.75, 8, -45.6], "size": [1, 4, 1], "uv": [17, 26]},
						{"origin": [-0.25, 8, -46.4], "size": [1, 4, 1], "uv": [21, 12]}
					]
				},
				{
					"name": "am14",
					"parent": "ba",
					"pivot": [0, 7, -15],
					"rotation": [-135, 0, 0]
				},
				{
					"name": "a27",
					"parent": "am14",
					"pivot": [-0.25, 7, -14.7],
					"cubes": [
						{"origin": [-0.25, 29.92031, -38.42031], "size": [1, 4, 1], "uv": [47, 9]},
						{"origin": [-0.75, 29.92031, -37.62031], "size": [1, 4, 1], "uv": [30, 26]}
					]
				},
				{
					"name": "a28",
					"parent": "am14",
					"pivot": [-0.25, 7, -13.6],
					"cubes": [
						{"origin": [-0.75, 29.92031, -36.52031], "size": [1, 4, 1], "uv": [17, 26]},
						{"origin": [-0.25, 29.92031, -37.32031], "size": [1, 4, 1], "uv": [21, 12]}
					]
				},
				{
					"name": "am15",
					"parent": "ba",
					"pivot": [0, 7, -15],
					"rotation": [-90, 0, 0]
				},
				{
					"name": "a29",
					"parent": "am15",
					"pivot": [-0.25, 7, -14.7],
					"cubes": [
						{"origin": [-0.25, 39, -16.5], "size": [1, 4, 1], "uv": [47, 9]},
						{"origin": [-0.75, 39, -15.7], "size": [1, 4, 1], "uv": [30, 26]}
					]
				},
				{
					"name": "a30",
					"parent": "am15",
					"pivot": [-0.25, 7, -13.6],
					"cubes": [
						{"origin": [-0.75, 39, -14.6], "size": [1, 4, 1], "uv": [17, 26]},
						{"origin": [-0.25, 39, -15.4], "size": [1, 4, 1], "uv": [21, 12]}
					]
				},
				{
					"name": "am16",
					"parent": "ba",
					"pivot": [0, 7, -15],
					"rotation": [-45, 0, 0]
				},
				{
					"name": "a31",
					"parent": "am16",
					"pivot": [-0.25, 7, -14.7],
					"cubes": [
						{"origin": [-0.25, 29.92031, 5.42031], "size": [1, 4, 1], "uv": [47, 9]},
						{"origin": [-0.75, 29.92031, 6.22031], "size": [1, 4, 1], "uv": [30, 26]}
					]
				},
				{
					"name": "a32",
					"parent": "am16",
					"pivot": [-0.25, 7, -13.6],
					"cubes": [
						{"origin": [-0.75, 29.92031, 7.32031], "size": [1, 4, 1], "uv": [17, 26]},
						{"origin": [-0.25, 29.92031, 6.52031], "size": [1, 4, 1], "uv": [21, 12]}
					]
				}
			]
		}
	]
}