{
	"format_version": "1.8.0",
	"minecraft:client_entity": {
		"description": {
			"identifier": "rx115:red",
			"materials": {
				"default": "enderman"
			},
			"textures": {
				"default": "textures/entity/rx115/rx115_red"
			},
			"geometry": {
				"default": "geometry.yamaha_rx115"
			},
			"render_controllers": [
				"controller.render.rx115"
			],
			"animations": {
				"drive": "animation.rx115.drive",
				"turning": "animation.rx115.turning"
			},
			"spawn_egg": {
				"texture": "rx115",
				"texture_index": 0
			},
			"animation_controllers": [
				{
					"general": "controller.animation.rx115.general"
				}
			]
		}
	}
}