{
	"format_version": "1.8.0",
	"animations": {
		"animation.rx115.turning": {
			"loop": true,
			"bones": {
				"frontwheelbase": {
					"rotation": [0, "Math.max(-20, Math.min(20,query.yaw_speed * 0.5))", 0]
				},
				"rx115": {
					"rotation": [0, 0, "Math.max(-20, Math.min(20,query.yaw_speed * 0.4))*-1"]
				}
			}
		},
		"animation.rx115.drive": {
			"loop": true,
			"animation_length": 0.1667,
			"bones": {
				"frontwheel": {
					"rotation": {
						"0.0": [0, 0, 0],
						"0.1667": [180, 0, 0]
					}
				},
				"backwheel": {
					"rotation": {
						"0.0": [0, 0, 0],
						"0.1667": [180, 0, 0]
					}
				}
			}
		}
	}
}