{
	"format_version": "1.14.0",
	"minecraft:entity": {
		"description": {
			"identifier": "rx115:white",
			"is_spawnable": true,
			"is_summonable": true,
			"is_experimental": false,
			"scripts": {
				"animate": [
					"rx115m"
				]
			},
			"animations": {
				"rx115m": "controller.animation.rx115m"
			}
		},
		"component_groups": {},
		"components": {
			"minecraft:type_family": {
				"family": [
					"motorcycles"
				]
			},
			"minecraft:scale": {
				"value": 1
			},
			"minecraft:collision_box": {
				"width": 1,
				"height": 1.5
			},
			"minecraft:health": {
				"value": 30
			},
			"minecraft:movement": {
				"value": 0.49
			},
			"minecraft:movement.basic": {},
			"minecraft:jump.static": {},
			"minecraft:input_ground_controlled": {},
			"minecraft:physics": {},
			"minecraft:inventory": {
				"container_type": "container",
				"inventory_size": 27,
				"private": false
			},
			"minecraft:rideable": {
				"seat_count": 2,
				"crouching_skip_interact": true,
				"interact_text": "Drive",
				"family_types": [
					"player",
					"villager"
				],
				"pull_in_entities": true,
				"seats": [
					{
						"position": [
							0,
							0.7,
							-0.4
						],
						"min_rider_count": 1,
						"max_rider_count": 2
					},
					{
						"position": [
							0,
							0.8,
							-1
						],
						"min_rider_count": 1,
						"max_rider_count": 2
					}
				]
			},
			"minecraft:pushable": {
				"is_pushable": false,
				"is_pushable_by_piston": true
			}
		},

		"events": {}
	}
}